window,team,cell_x,cell_y,x_center,y_center,count
0-10,radiant,7,33,-8125.0,-1625.0,1
0-10,radiant,7,37,-8125.0,-625.0,10
0-10,radiant,7,38,-8125.0,-375.0,179
0-10,radiant,7,39,-8125.0,-125.0,47
0-10,radiant,8,33,-7875.0,-1625.0,278
0-10,radiant,8,34,-7875.0,-1375.0,74
0-10,radiant,8,35,-7875.0,-1125.0,27
0-10,radiant,8,36,-7875.0,-875.0,26
0-10,radiant,8,37,-7875.0,-625.0,72
0-10,radiant,8,38,-7875.0,-375.0,215
0-10,radiant,8,39,-7875.0,-125.0,131
0-10,radiant,8,40,-7875.0,125.0,16
0-10,radiant,9,31,-7625.0,-2125.0,1
0-10,radiant,9,33,-7625.0,-1625.0,228
0-10,radiant,9,34,-7625.0,-1375.0,178
0-10,radiant,9,35,-7625.0,-1125.0,116
0-10,radiant,9,36,-7625.0,-875.0,66
0-10,radiant,9,37,-7625.0,-625.0,104
0-10,radiant,9,38,-7625.0,-375.0,55
0-10,radiant,9,39,-7625.0,-125.0,47
0-10,radiant,9,40,-7625.0,125.0,10
0-10,radiant,10,32,-7375.0,-1875.0,3
0-10,radiant,10,33,-7375.0,-1625.0,7
0-10,radiant,10,34,-7375.0,-1375.0,23
0-10,radiant,10,35,-7375.0,-1125.0,24
0-10,radiant,10,36,-7375.0,-875.0,25
0-10,radiant,10,37,-7375.0,-625.0,15
0-10,radiant,10,39,-7375.0,-125.0,3
0-10,radiant,11,34,-7125.0,-1375.0,2
0-10,radiant,11,35,-7125.0,-1125.0,6
0-10,radiant,11,36,-7125.0,-875.0,3
0-10,radiant,12,34,-6875.0,-1375.0,1
0-10,radiant,15,38,-6125.0,-375.0,2
0-10,radiant,15,39,-6125.0,-125.0,1
0-10,radiant,19,32,-5125.0,-1875.0,1
0-10,radiant,20,40,-4875.0,125.0,28
0-10,radiant,21,38,-4625.0,-375.0,2
0-10,radiant,21,39,-4625.0,-125.0,1
0-10,radiant,21,40,-4625.0,125.0,29
0-10,radiant,22,39,-4375.0,-125.0,2
0-10,radiant,22,40,-4375.0,125.0,3
0-10,radiant,23,38,-4125.0,-375.0,1
0-10,radiant,23,39,-4125.0,-125.0,5
0-10,radiant,23,40,-4125.0,125.0,3
0-10,radiant,24,38,-3875.0,-375.0,1
0-10,radiant,24,39,-3875.0,-125.0,3
0-10,radiant,24,40,-3875.0,125.0,1
0-10,radiant,25,31,-3625.0,-2125.0,1
0-10,radiant,25,40,-3625.0,125.0,7
0-10,radiant,26,36,-3375.0,-875.0,1
0-10,radiant,26,40,-3375.0,125.0,1
0-10,radiant,27,36,-3125.0,-875.0,1
0-10,radiant,27,39,-3125.0,-125.0,1
0-10,radiant,27,40,-3125.0,125.0,2
0-10,radiant,28,36,-2875.0,-875.0,1
0-10,radiant,28,39,-2875.0,-125.0,1
0-10,radiant,28,40,-2875.0,125.0,3
0-10,radiant,29,19,-2625.0,-5125.0,2
0-10,radiant,29,21,-2625.0,-4625.0,1
0-10,radiant,29,22,-2625.0,-4375.0,2
0-10,radiant,29,40,-2625.0,125.0,1
0-10,radiant,30,7,-2375.0,-8125.0,1
0-10,radiant,30,8,-2375.0,-7875.0,2
0-10,radiant,30,9,-2375.0,-7625.0,4
0-10,radiant,30,10,-2375.0,-7375.0,1
0-10,radiant,30,11,-2375.0,-7125.0,1
0-10,radiant,30,29,-2375.0,-2625.0,1
0-10,radiant,30,33,-2375.0,-1625.0,1
0-10,radiant,30,36,-2375.0,-875.0,1
0-10,radiant,30,40,-2375.0,125.0,1
0-10,radiant,31,6,-2125.0,-8375.0,1
0-10,radiant,31,7,-2125.0,-8125.0,51
0-10,radiant,31,8,-2125.0,-7875.0,34
0-10,radiant,31,9,-2125.0,-7625.0,24
0-10,radiant,31,10,-2125.0,-7375.0,2
0-10,radiant,31,15,-2125.0,-6125.0,1
0-10,radiant,31,33,-2125.0,-1625.0,1
0-10,radiant,31,34,-2125.0,-1375.0,1
0-10,radiant,31,35,-2125.0,-1125.0,1
0-10,radiant,31,38,-2125.0,-375.0,1
0-10,radiant,31,39,-2125.0,-125.0,1
0-10,radiant,32,7,-1875.0,-8125.0,7
0-10,radiant,32,8,-1875.0,-7875.0,8
0-10,radiant,32,9,-1875.0,-7625.0,5
0-10,radiant,32,10,-1875.0,-7375.0,2
0-10,radiant,32,15,-1875.0,-6125.0,1
0-10,radiant,32,18,-1875.0,-5375.0,1
0-10,radiant,32,19,-1875.0,-5125.0,1
0-10,radiant,32,20,-1875.0,-4875.0,2
0-10,radiant,32,21,-1875.0,-4625.0,31
0-10,radiant,32,22,-1875.0,-4375.0,3
0-10,radiant,32,23,-1875.0,-4125.0,1
0-10,radiant,32,24,-1875.0,-3875.0,1
0-10,radiant,32,25,-1875.0,-3625.0,5
0-10,radiant,32,26,-1875.0,-3375.0,10
0-10,radiant,32,27,-1875.0,-3125.0,7
0-10,radiant,32,28,-1875.0,-2875.0,2
0-10,radiant,32,30,-1875.0,-2375.0,1
0-10,radiant,32,33,-1875.0,-1625.0,1
0-10,radiant,32,35,-1875.0,-1125.0,1
0-10,radiant,32,39,-1875.0,-125.0,1
0-10,radiant,33,7,-1625.0,-8125.0,14
0-10,radiant,33,8,-1625.0,-7875.0,2
0-10,radiant,33,9,-1625.0,-7625.0,16
0-10,radiant,33,10,-1625.0,-7375.0,6
0-10,radiant,33,11,-1625.0,-7125.0,1
0-10,radiant,33,19,-1625.0,-5125.0,1
0-10,radiant,33,20,-1625.0,-4875.0,8
0-10,radiant,33,21,-1625.0,-4625.0,111
0-10,radiant,33,22,-1625.0,-4375.0,84
0-10,radiant,33,23,-1625.0,-4125.0,24
0-10,radiant,33,24,-1625.0,-3875.0,21
0-10,radiant,33,25,-1625.0,-3625.0,17
0-10,radiant,33,26,-1625.0,-3375.0,91
0-10,radiant,33,27,-1625.0,-3125.0,32
0-10,radiant,33,28,-1625.0,-2875.0,4
0-10,radiant,33,30,-1625.0,-2375.0,1
0-10,radiant,33,34,-1625.0,-1375.0,1
0-10,radiant,33,35,-1625.0,-1125.0,5
0-10,radiant,34,7,-1375.0,-8125.0,3
0-10,radiant,34,8,-1375.0,-7875.0,1
0-10,radiant,34,9,-1375.0,-7625.0,3
0-10,radiant,34,10,-1375.0,-7375.0,3
0-10,radiant,34,11,-1375.0,-7125.0,2
0-10,radiant,34,18,-1375.0,-5375.0,1
0-10,radiant,34,19,-1375.0,-5125.0,1
0-10,radiant,34,20,-1375.0,-4875.0,13
0-10,radiant,34,21,-1375.0,-4625.0,43
0-10,radiant,34,22,-1375.0,-4375.0,89
0-10,radiant,34,23,-1375.0,-4125.0,157
0-10,radiant,34,24,-1375.0,-3875.0,87
0-10,radiant,34,25,-1375.0,-3625.0,111
0-10,radiant,34,26,-1375.0,-3375.0,102
0-10,radiant,34,27,-1375.0,-3125.0,80
0-10,radiant,34,28,-1375.0,-2875.0,4
0-10,radiant,34,29,-1375.0,-2625.0,4
0-10,radiant,34,36,-1375.0,-875.0,5
0-10,radiant,34,39,-1375.0,-125.0,1
0-10,radiant,34,40,-1375.0,125.0,1
0-10,radiant,35,7,-1125.0,-8125.0,3
0-10,radiant,35,8,-1125.0,-7875.0,3
0-10,radiant,35,9,-1125.0,-7625.0,4
0-10,radiant,35,10,-1125.0,-7375.0,1
0-10,radiant,35,18,-1125.0,-5375.0,3
0-10,radiant,35,19,-1125.0,-5125.0,7
0-10,radiant,35,20,-1125.0,-4875.0,2
0-10,radiant,35,21,-1125.0,-4625.0,14
0-10,radiant,35,22,-1125.0,-4375.0,16
0-10,radiant,35,23,-1125.0,-4125.0,1
0-10,radiant,35,24,-1125.0,-3875.0,9
0-10,radiant,35,25,-1125.0,-3625.0,41
0-10,radiant,35,26,-1125.0,-3375.0,116
0-10,radiant,35,27,-1125.0,-3125.0,211
0-10,radiant,35,28,-1125.0,-2875.0,22
0-10,radiant,35,29,-1125.0,-2625.0,21
0-10,radiant,35,30,-1125.0,-2375.0,5
0-10,radiant,35,33,-1125.0,-1625.0,3
0-10,radiant,35,34,-1125.0,-1375.0,3
0-10,radiant,35,35,-1125.0,-1125.0,4
0-10,radiant,35,36,-1125.0,-875.0,3
0-10,radiant,35,37,-1125.0,-625.0,3
0-10,radiant,35,39,-1125.0,-125.0,1
0-10,radiant,36,8,-875.0,-7875.0,3
0-10,radiant,36,9,-875.0,-7625.0,14
0-10,radiant,36,11,-875.0,-7125.0,1
0-10,radiant,36,21,-875.0,-4625.0,4
0-10,radiant,36,22,-875.0,-4375.0,2
0-10,radiant,36,25,-875.0,-3625.0,24
0-10,radiant,36,26,-875.0,-3375.0,142
0-10,radiant,36,27,-875.0,-3125.0,52
0-10,radiant,36,28,-875.0,-2875.0,39
0-10,radiant,36,29,-875.0,-2625.0,15
0-10,radiant,36,30,-875.0,-2375.0,6
0-10,radiant,36,34,-875.0,-1375.0,1
0-10,radiant,36,35,-875.0,-1125.0,3
0-10,radiant,36,36,-875.0,-875.0,4
0-10,radiant,36,37,-875.0,-625.0,4
0-10,radiant,36,38,-875.0,-375.0,5
0-10,radiant,37,8,-625.0,-7875.0,6
0-10,radiant,37,9,-625.0,-7625.0,88
0-10,radiant,37,10,-625.0,-7375.0,953
0-10,radiant,37,11,-625.0,-7125.0,1
0-10,radiant,37,21,-625.0,-4625.0,4
0-10,radiant,37,24,-625.0,-3875.0,3
0-10,radiant,37,25,-625.0,-3625.0,16
0-10,radiant,37,26,-625.0,-3375.0,20
0-10,radiant,37,27,-625.0,-3125.0,38
0-10,radiant,37,28,-625.0,-2875.0,9
0-10,radiant,37,29,-625.0,-2625.0,4
0-10,radiant,37,30,-625.0,-2375.0,1
0-10,radiant,37,33,-625.0,-1625.0,2
0-10,radiant,37,35,-625.0,-1125.0,3
0-10,radiant,37,37,-625.0,-625.0,8
0-10,radiant,37,38,-625.0,-375.0,9
0-10,radiant,37,39,-625.0,-125.0,1
0-10,radiant,37,40,-625.0,125.0,2
0-10,radiant,38,7,-375.0,-8125.0,1
0-10,radiant,38,8,-375.0,-7875.0,3
0-10,radiant,38,9,-375.0,-7625.0,242
0-10,radiant,38,10,-375.0,-7375.0,1592
0-10,radiant,38,11,-375.0,-7125.0,7
0-10,radiant,38,12,-375.0,-6875.0,2
0-10,radiant,38,20,-375.0,-4875.0,2
0-10,radiant,38,21,-375.0,-4625.0,6
0-10,radiant,38,23,-375.0,-4125.0,2
0-10,radiant,38,26,-375.0,-3375.0,4
0-10,radiant,38,27,-375.0,-3125.0,4
0-10,radiant,38,28,-375.0,-2875.0,3
0-10,radiant,38,29,-375.0,-2625.0,3
0-10,radiant,38,32,-375.0,-1875.0,1
0-10,radiant,38,34,-375.0,-1375.0,2
0-10,radiant,38,35,-375.0,-1125.0,1
0-10,radiant,38,36,-375.0,-875.0,3
0-10,radiant,38,37,-375.0,-625.0,6
0-10,radiant,38,38,-375.0,-375.0,9
0-10,radiant,38,39,-375.0,-125.0,11
0-10,radiant,38,40,-375.0,125.0,3
0-10,radiant,39,7,-125.0,-8125.0,1
0-10,radiant,39,8,-125.0,-7875.0,2
0-10,radiant,39,9,-125.0,-7625.0,11
0-10,radiant,39,10,-125.0,-7375.0,3
0-10,radiant,39,21,-125.0,-4625.0,15
0-10,radiant,39,22,-125.0,-4375.0,7
0-10,radiant,39,23,-125.0,-4125.0,2
0-10,radiant,39,27,-125.0,-3125.0,1
0-10,radiant,39,33,-125.0,-1625.0,1
0-10,radiant,39,34,-125.0,-1375.0,1
0-10,radiant,39,35,-125.0,-1125.0,2
0-10,radiant,39,36,-125.0,-875.0,2
0-10,radiant,39,38,-125.0,-375.0,3
0-10,radiant,39,39,-125.0,-125.0,4
0-10,radiant,39,40,-125.0,125.0,4
0-10,radiant,40,8,125.0,-7875.0,2
0-10,radiant,40,9,125.0,-7625.0,1
0-10,radiant,40,10,125.0,-7375.0,3
0-10,radiant,40,11,125.0,-7125.0,2
0-10,radiant,40,12,125.0,-6875.0,1
0-10,radiant,40,20,125.0,-4875.0,1
0-10,radiant,40,21,125.0,-4625.0,26
0-10,radiant,40,22,125.0,-4375.0,13
0-10,radiant,40,23,125.0,-4125.0,1
0-10,radiant,40,37,125.0,-625.0,1
0-10,radiant,40,38,125.0,-375.0,1
0-10,radiant,40,39,125.0,-125.0,4
0-10,radiant,40,40,125.0,125.0,13
0-10,dire,40,40,125.0,125.0,5
0-10,dire,40,41,125.0,375.0,5
0-10,dire,40,42,125.0,625.0,2
0-10,dire,40,44,125.0,1125.0,3
0-10,dire,40,48,125.0,2125.0,1
0-10,dire,40,50,125.0,2625.0,1
0-10,dire,40,51,125.0,2875.0,2
0-10,dire,40,52,125.0,3125.0,1
0-10,dire,40,53,125.0,3375.0,1
0-10,dire,40,56,125.0,4125.0,1
0-10,dire,40,58,125.0,4625.0,1
0-10,dire,40,68,125.0,7125.0,10
0-10,dire,40,69,125.0,7375.0,18
0-10,dire,40,70,125.0,7625.0,49
0-10,dire,40,71,125.0,7875.0,10
0-10,dire,40,72,125.0,8125.0,197
0-10,dire,40,73,125.0,8375.0,289
0-10,dire,41,40,375.0,125.0,4
0-10,dire,41,41,375.0,375.0,1
0-10,dire,41,42,375.0,625.0,1
0-10,dire,41,43,375.0,875.0,1
0-10,dire,41,44,375.0,1125.0,2
0-10,dire,41,47,375.0,1875.0,3
0-10,dire,41,48,375.0,2125.0,3
0-10,dire,41,49,375.0,2375.0,14
0-10,dire,41,50,375.0,2625.0,3
0-10,dire,41,51,375.0,2875.0,2
0-10,dire,41,54,375.0,3625.0,1
0-10,dire,41,56,375.0,4125.0,4
0-10,dire,41,58,375.0,4625.0,1
0-10,dire,41,68,375.0,7125.0,3
0-10,dire,41,69,375.0,7375.0,14
0-10,dire,41,70,375.0,7625.0,2064
0-10,dire,41,71,375.0,7875.0,274
0-10,dire,41,72,375.0,8125.0,8
0-10,dire,41,73,375.0,8375.0,12
0-10,dire,42,40,625.0,125.0,1
0-10,dire,42,41,625.0,375.0,3
0-10,dire,42,43,625.0,875.0,2
0-10,dire,42,46,625.0,1625.0,1
0-10,dire,42,47,625.0,1875.0,3
0-10,dire,42,48,625.0,2125.0,10
0-10,dire,42,49,625.0,2375.0,19
0-10,dire,42,50,625.0,2625.0,65
0-10,dire,42,51,625.0,2875.0,35
0-10,dire,42,52,625.0,3125.0,20
0-10,dire,42,53,625.0,3375.0,9
0-10,dire,42,54,625.0,3625.0,12
0-10,dire,42,55,625.0,3875.0,21
0-10,dire,42,56,625.0,4125.0,11
0-10,dire,42,67,625.0,6875.0,1
0-10,dire,42,68,625.0,7125.0,1
0-10,dire,42,69,625.0,7375.0,5
0-10,dire,42,70,625.0,7625.0,1
0-10,dire,43,40,875.0,125.0,1
0-10,dire,43,41,875.0,375.0,1
0-10,dire,43,42,875.0,625.0,9
0-10,dire,43,43,875.0,875.0,1
0-10,dire,43,46,875.0,1625.0,1
0-10,dire,43,48,875.0,2125.0,18
0-10,dire,43,49,875.0,2375.0,11
0-10,dire,43,50,875.0,2625.0,70
0-10,dire,43,51,875.0,2875.0,113
0-10,dire,43,52,875.0,3125.0,23
0-10,dire,43,53,875.0,3375.0,4
0-10,dire,43,54,875.0,3625.0,9
0-10,dire,43,55,875.0,3875.0,58
0-10,dire,43,56,875.0,4125.0,37
0-10,dire,43,57,875.0,4375.0,8
0-10,dire,43,58,875.0,4625.0,10
0-10,dire,43,59,875.0,4875.0,3
0-10,dire,43,69,875.0,7375.0,1
0-10,dire,44,41,1125.0,375.0,2
0-10,dire,44,43,1125.0,875.0,5
0-10,dire,44,44,1125.0,1125.0,1
0-10,dire,44,45,1125.0,1375.0,1
0-10,dire,44,47,1125.0,1875.0,9
0-10,dire,44,48,1125.0,2125.0,14
0-10,dire,44,49,1125.0,2375.0,14
0-10,dire,44,50,1125.0,2625.0,323
0-10,dire,44,51,1125.0,2875.0,157
0-10,dire,44,52,1125.0,3125.0,96
0-10,dire,44,53,1125.0,3375.0,14
0-10,dire,44,54,1125.0,3625.0,15
0-10,dire,44,55,1125.0,3875.0,51
0-10,dire,44,56,1125.0,4125.0,159
0-10,dire,44,57,1125.0,4375.0,10
0-10,dire,45,41,1375.0,375.0,1
0-10,dire,45,43,1375.0,875.0,4
0-10,dire,45,45,1375.0,1375.0,1
0-10,dire,45,46,1375.0,1625.0,1
0-10,dire,45,48,1375.0,2125.0,23
0-10,dire,45,49,1375.0,2375.0,37
0-10,dire,45,50,1375.0,2625.0,138
0-10,dire,45,51,1375.0,2875.0,73
0-10,dire,45,52,1375.0,3125.0,120
0-10,dire,45,53,1375.0,3375.0,108
0-10,dire,45,54,1375.0,3625.0,191
0-10,dire,45,55,1375.0,3875.0,145
0-10,dire,45,56,1375.0,4125.0,56
0-10,dire,45,57,1375.0,4375.0,3
0-10,dire,45,68,1375.0,7125.0,1
0-10,dire,45,69,1375.0,7375.0,3
0-10,dire,45,70,1375.0,7625.0,10
0-10,dire,46,42,1625.0,625.0,1
0-10,dire,46,44,1625.0,1125.0,3
0-10,dire,46,47,1625.0,1875.0,1
0-10,dire,46,48,1625.0,2125.0,4
0-10,dire,46,49,1625.0,2375.0,26
0-10,dire,46,50,1625.0,2625.0,50
0-10,dire,46,51,1625.0,2875.0,7
0-10,dire,46,52,1625.0,3125.0,2
0-10,dire,46,53,1625.0,3375.0,10
0-10,dire,46,54,1625.0,3625.0,29
0-10,dire,46,55,1625.0,3875.0,21
0-10,dire,46,69,1625.0,7375.0,2
0-10,dire,46,70,1625.0,7625.0,20
0-10,dire,46,71,1625.0,7875.0,9
0-10,dire,47,42,1875.0,625.0,1
0-10,dire,47,44,1875.0,1125.0,2
0-10,dire,47,45,1875.0,1375.0,1
0-10,dire,47,48,1875.0,2125.0,1
0-10,dire,47,49,1875.0,2375.0,5
0-10,dire,47,51,1875.0,2875.0,2
0-10,dire,47,53,1875.0,3375.0,4
0-10,dire,47,54,1875.0,3625.0,3
0-10,dire,47,55,1875.0,3875.0,4
0-10,dire,47,56,1875.0,4125.0,4
0-10,dire,47,69,1875.0,7375.0,7
0-10,dire,47,70,1875.0,7625.0,18
0-10,dire,47,71,1875.0,7875.0,28
0-10,dire,48,43,2125.0,875.0,1
0-10,dire,48,45,2125.0,1375.0,1
0-10,dire,48,56,2125.0,4125.0,1
0-10,dire,48,68,2125.0,7125.0,1
0-10,dire,48,69,2125.0,7375.0,11
0-10,dire,48,70,2125.0,7625.0,18
0-10,dire,48,71,2125.0,7875.0,26
0-10,dire,49,40,2375.0,125.0,1
0-10,dire,49,47,2375.0,1875.0,1
0-10,dire,49,67,2375.0,6875.0,1
0-10,dire,49,68,2375.0,7125.0,2
0-10,dire,49,69,2375.0,7375.0,3
0-10,dire,51,48,2875.0,2125.0,1
0-10,dire,51,49,2875.0,2375.0,1
0-10,dire,52,40,3125.0,125.0,1
0-10,dire,52,41,3125.0,375.0,1
0-10,dire,54,40,3625.0,125.0,5
0-10,dire,54,41,3625.0,375.0,1
0-10,dire,54,43,3625.0,875.0,1
0-10,dire,55,40,3875.0,125.0,1
0-10,dire,55,41,3875.0,375.0,5
0-10,dire,55,43,3875.0,875.0,2
0-10,dire,56,40,4125.0,125.0,8
0-10,dire,56,41,4125.0,375.0,3
0-10,dire,56,43,4125.0,875.0,1
0-10,dire,57,40,4375.0,125.0,19
0-10,dire,57,44,4375.0,1125.0,1
0-10,dire,58,42,4625.0,625.0,1
0-10,dire,58,43,4625.0,875.0,2
0-10,dire,59,40,4875.0,125.0,1
0-10,dire,66,42,6625.0,625.0,1
0-10,dire,67,42,6875.0,625.0,1
0-10,dire,68,42,7125.0,625.0,1
0-10,dire,69,41,7375.0,375.0,2
0-10,dire,69,42,7375.0,625.0,4
0-10,dire,69,48,7375.0,2125.0,6
0-10,dire,69,49,7375.0,2375.0,1
0-10,dire,70,40,7625.0,125.0,1
0-10,dire,70,41,7625.0,375.0,5
0-10,dire,70,42,7625.0,625.0,18
0-10,dire,70,43,7625.0,875.0,10
0-10,dire,70,47,7625.0,1875.0,2
0-10,dire,70,48,7625.0,2125.0,2
0-10,dire,71,40,7875.0,125.0,24
0-10,dire,71,41,7875.0,375.0,34
0-10,dire,71,42,7875.0,625.0,30
0-10,dire,71,43,7875.0,875.0,33
0-10,dire,71,44,7875.0,1125.0,4
0-10,dire,71,45,7875.0,1375.0,2
0-10,dire,71,46,7875.0,1625.0,6
0-10,dire,72,40,8125.0,125.0,145
0-10,dire,72,41,8125.0,375.0,135
0-10,dire,72,42,8125.0,625.0,72
0-10,dire,72,43,8125.0,875.0,114
0-10,dire,72,44,8125.0,1125.0,121
0-10,dire,72,45,8125.0,1375.0,37
0-10,dire,73,40,8375.0,125.0,12
0-10,dire,73,41,8375.0,375.0,14
0-10,dire,73,42,8375.0,625.0,10
0-10,dire,73,43,8375.0,875.0,28
0-10,dire,73,44,8375.0,1125.0,378
0-10,dire,73,45,8375.0,1375.0,337
0-10,dire,74,40,8625.0,125.0,2
0-10,dire,74,44,8625.0,1125.0,12
0-10,dire,74,45,8625.0,1375.0,25
10-20,radiant,6,33,-8375.0,-1625.0,2
10-20,radiant,6,35,-8375.0,-1125.0,1
10-20,radiant,6,38,-8375.0,-375.0,2
10-20,radiant,6,39,-8375.0,-125.0,1
10-20,radiant,7,33,-8125.0,-1625.0,9
10-20,radiant,7,34,-8125.0,-1375.0,10
10-20,radiant,7,35,-8125.0,-1125.0,1
10-20,radiant,7,36,-8125.0,-875.0,4
10-20,radiant,7,37,-8125.0,-625.0,50
10-20,radiant,7,38,-8125.0,-375.0,1373
10-20,radiant,7,39,-8125.0,-125.0,401
10-20,radiant,8,31,-7875.0,-2125.0,1
10-20,radiant,8,32,-7875.0,-1875.0,7
10-20,radiant,8,33,-7875.0,-1625.0,1625
10-20,radiant,8,34,-7875.0,-1375.0,561
10-20,radiant,8,35,-7875.0,-1125.0,271
10-20,radiant,8,36,-7875.0,-875.0,241
10-20,radiant,8,37,-7875.0,-625.0,565
10-20,radiant,8,38,-7875.0,-375.0,1606
10-20,radiant,8,39,-7875.0,-125.0,929
10-20,radiant,8,40,-7875.0,125.0,79
10-20,radiant,9,30,-7625.0,-2375.0,1
10-20,radiant,9,31,-7625.0,-2125.0,5
10-20,radiant,9,32,-7625.0,-1875.0,33
10-20,radiant,9,33,-7625.0,-1625.0,1226
10-20,radiant,9,34,-7625.0,-1375.0,1350
10-20,radiant,9,35,-7625.0,-1125.0,941
10-20,radiant,9,36,-7625.0,-875.0,655
10-20,radiant,9,37,-7625.0,-625.0,917
10-20,radiant,9,38,-7625.0,-375.0,391
10-20,radiant,9,39,-7625.0,-125.0,301
10-20,radiant,9,40,-7625.0,125.0,89
10-20,radiant,10,29,-7375.0,-2625.0,3
10-20,radiant,10,30,-7375.0,-2375.0,6
10-20,radiant,10,31,-7375.0,-2125.0,6
10-20,radiant,10,32,-7375.0,-1875.0,13
10-20,radiant,10,33,-7375.0,-1625.0,74
10-20,radiant,10,34,-7375.0,-1375.0,89
10-20,radiant,10,35,-7375.0,-1125.0,176
10-20,radiant,10,36,-7375.0,-875.0,138
10-20,radiant,10,37,-7375.0,-625.0,75
10-20,radiant,10,38,-7375.0,-375.0,5
10-20,radiant,10,39,-7375.0,-125.0,6
10-20,radiant,11,34,-7125.0,-1375.0,2
10-20,radiant,11,35,-7125.0,-1125.0,11
10-20,radiant,11,36,-7125.0,-875.0,7
10-20,radiant,11,39,-7125.0,-125.0,1
10-20,radiant,12,34,-6875.0,-1375.0,1
10-20,radiant,12,35,-6875.0,-1125.0,1
10-20,radiant,13,38,-6625.0,-375.0,1
10-20,radiant,13,39,-6625.0,-125.0,1
10-20,radiant,13,40,-6625.0,125.0,1
10-20,radiant,14,36,-6375.0,-875.0,1
10-20,radiant,14,37,-6375.0,-625.0,1
10-20,radiant,14,38,-6375.0,-375.0,4
10-20,radiant,14,39,-6375.0,-125.0,3
10-20,radiant,14,40,-6375.0,125.0,1
10-20,radiant,15,34,-6125.0,-1375.0,1
10-20,radiant,15,38,-6125.0,-375.0,1
10-20,radiant,15,39,-6125.0,-125.0,2
10-20,radiant,16,33,-5875.0,-1625.0,1
10-20,radiant,16,36,-5875.0,-875.0,1
10-20,radiant,16,39,-5875.0,-125.0,3
10-20,radiant,16,40,-5875.0,125.0,2
10-20,radiant,17,28,-5625.0,-2875.0,1
10-20,radiant,17,33,-5625.0,-1625.0,1
10-20,radiant,17,37,-5625.0,-625.0,1
10-20,radiant,17,39,-5625.0,-125.0,3
10-20,radiant,17,40,-5625.0,125.0,2
10-20,radiant,18,39,-5375.0,-125.0,1
10-20,radiant,18,40,-5375.0,125.0,1
10-20,radiant,19,34,-5125.0,-1375.0,3
10-20,radiant,19,35,-5125.0,-1125.0,8
10-20,radiant,19,36,-5125.0,-875.0,5
10-20,radiant,19,37,-5125.0,-625.0,2
10-20,radiant,19,38,-5125.0,-375.0,4
10-20,radiant,19,39,-5125.0,-125.0,4
10-20,radiant,19,40,-5125.0,125.0,5
10-20,radiant,20,30,-4875.0,-2375.0,1
10-20,radiant,20,34,-4875.0,-1375.0,3
10-20,radiant,20,35,-4875.0,-1125.0,10
10-20,radiant,20,36,-4875.0,-875.0,85
10-20,radiant,20,37,-4875.0,-625.0,95
10-20,radiant,20,38,-4875.0,-375.0,61
10-20,radiant,20,39,-4875.0,-125.0,59
10-20,radiant,20,40,-4875.0,125.0,1614
10-20,radiant,21,25,-4625.0,-3625.0,1
10-20,radiant,21,30,-4625.0,-2375.0,1
10-20,radiant,21,31,-4625.0,-2125.0,2
10-20,radiant,21,35,-4625.0,-1125.0,3
10-20,radiant,21,36,-4625.0,-875.0,17
10-20,radiant,21,37,-4625.0,-625.0,87
10-20,radiant,21,38,-4625.0,-375.0,196
10-20,radiant,21,39,-4625.0,-125.0,378
10-20,radiant,21,40,-4625.0,125.0,2594
10-20,radiant,22,34,-4375.0,-1375.0,1
10-20,radiant,22,37,-4375.0,-625.0,5
10-20,radiant,22,38,-4375.0,-375.0,30
10-20,radiant,22,39,-4375.0,-125.0,166
10-20,radiant,22,40,-4375.0,125.0,571
10-20,radiant,23,26,-4125.0,-3375.0,2
10-20,radiant,23,33,-4125.0,-1625.0,1
10-20,radiant,23,34,-4125.0,-1375.0,1
10-20,radiant,23,35,-4125.0,-1125.0,1
10-20,radiant,23,37,-4125.0,-625.0,2
10-20,radiant,23,38,-4125.0,-375.0,15
10-20,radiant,23,39,-4125.0,-125.0,77
10-20,radiant,23,40,-4125.0,125.0,145
10-20,radiant,24,37,-3875.0,-625.0,1
10-20,radiant,24,38,-3875.0,-375.0,56
10-20,radiant,24,39,-3875.0,-125.0,21
10-20,radiant,24,40,-3875.0,125.0,52
10-20,radiant,25,15,-3625.0,-6125.0,1
10-20,radiant,25,37,-3625.0,-625.0,7
10-20,radiant,25,38,-3625.0,-375.0,26
10-20,radiant,25,39,-3625.0,-125.0,17
10-20,radiant,25,40,-3625.0,125.0,43
10-20,radiant,26,28,-3375.0,-2875.0,2
10-20,radiant,26,37,-3375.0,-625.0,2
10-20,radiant,26,38,-3375.0,-375.0,1
10-20,radiant,26,39,-3375.0,-125.0,9
10-20,radiant,26,40,-3375.0,125.0,20
10-20,radiant,27,28,-3125.0,-2875.0,1
10-20,radiant,27,30,-3125.0,-2375.0,6
10-20,radiant,27,36,-3125.0,-875.0,4
10-20,radiant,27,37,-3125.0,-625.0,2
10-20,radiant,27,38,-3125.0,-375.0,2
10-20,radiant,27,40,-3125.0,125.0,28
10-20,radiant,28,10,-2875.0,-7375.0,9
10-20,radiant,28,12,-2875.0,-6875.0,1
10-20,radiant,28,20,-2875.0,-4875.0,1
10-20,radiant,28,21,-2875.0,-4625.0,1
10-20,radiant,28,28,-2875.0,-2875.0,2
10-20,radiant,28,29,-2875.0,-2625.0,1
10-20,radiant,28,30,-2875.0,-2375.0,1
10-20,radiant,28,31,-2875.0,-2125.0,2
10-20,radiant,28,32,-2875.0,-1875.0,1
10-20,radiant,28,34,-2875.0,-1375.0,1
10-20,radiant,28,35,-2875.0,-1125.0,1
10-20,radiant,28,36,-2875.0,-875.0,2
10-20,radiant,28,37,-2875.0,-625.0,1
10-20,radiant,28,39,-2875.0,-125.0,1
10-20,radiant,28,40,-2875.0,125.0,7
10-20,radiant,29,9,-2625.0,-7625.0,30
10-20,radiant,29,10,-2625.0,-7375.0,13
10-20,radiant,29,12,-2625.0,-6875.0,1
10-20,radiant,29,14,-2625.0,-6375.0,1
10-20,radiant,29,15,-2625.0,-6125.0,3
10-20,radiant,29,18,-2625.0,-5375.0,1
10-20,radiant,29,20,-2625.0,-4875.0,1
10-20,radiant,29,22,-2625.0,-4375.0,2
10-20,radiant,29,24,-2625.0,-3875.0,1
10-20,radiant,29,25,-2625.0,-3625.0,1
10-20,radiant,29,26,-2625.0,-3375.0,1
10-20,radiant,29,29,-2625.0,-2625.0,6
10-20,radiant,29,30,-2625.0,-2375.0,10
10-20,radiant,29,32,-2625.0,-1875.0,1
10-20,radiant,29,33,-2625.0,-1625.0,1
10-20,radiant,29,35,-2625.0,-1125.0,1
10-20,radiant,29,39,-2625.0,-125.0,1
10-20,radiant,29,40,-2625.0,125.0,4
10-20,radiant,30,7,-2375.0,-8125.0,17
10-20,radiant,30,8,-2375.0,-7875.0,65
10-20,radiant,30,9,-2375.0,-7625.0,104
10-20,radiant,30,10,-2375.0,-7375.0,12
10-20,radiant,30,11,-2375.0,-7125.0,6
10-20,radiant,30,16,-2375.0,-5875.0,1
10-20,radiant,30,17,-2375.0,-5625.0,2
10-20,radiant,30,18,-2375.0,-5375.0,1
10-20,radiant,30,19,-2375.0,-5125.0,3
10-20,radiant,30,20,-2375.0,-4875.0,2
10-20,radiant,30,21,-2375.0,-4625.0,2
10-20,radiant,30,22,-2375.0,-4375.0,3
10-20,radiant,30,23,-2375.0,-4125.0,4
10-20,radiant,30,24,-2375.0,-3875.0,1
10-20,radiant,30,25,-2375.0,-3625.0,2
10-20,radiant,30,29,-2375.0,-2625.0,2
10-20,radiant,30,30,-2375.0,-2375.0,4
10-20,radiant,30,32,-2375.0,-1875.0,2
10-20,radiant,30,33,-2375.0,-1625.0,3
10-20,radiant,30,34,-2375.0,-1375.0,2
10-20,radiant,30,35,-2375.0,-1125.0,5
10-20,radiant,30,36,-2375.0,-875.0,1
10-20,radiant,30,40,-2375.0,125.0,3
10-20,radiant,31,6,-2125.0,-8375.0,6
10-20,radiant,31,7,-2125.0,-8125.0,1270
10-20,radiant,31,8,-2125.0,-7875.0,587
10-20,radiant,31,9,-2125.0,-7625.0,268
10-20,radiant,31,10,-2125.0,-7375.0,46
10-20,radiant,31,11,-2125.0,-7125.0,1
10-20,radiant,31,16,-2125.0,-5875.0,2
10-20,radiant,31,18,-2125.0,-5375.0,3
10-20,radiant,31,19,-2125.0,-5125.0,5
10-20,radiant,31,20,-2125.0,-4875.0,5
10-20,radiant,31,21,-2125.0,-4625.0,5
10-20,radiant,31,22,-2125.0,-4375.0,11
10-20,radiant,31,23,-2125.0,-4125.0,3
10-20,radiant,31,24,-2125.0,-3875.0,3
10-20,radiant,31,25,-2125.0,-3625.0,12
10-20,radiant,31,26,-2125.0,-3375.0,28
10-20,radiant,31,27,-2125.0,-3125.0,1
10-20,radiant,31,28,-2125.0,-2875.0,2
10-20,radiant,31,29,-2125.0,-2625.0,3
10-20,radiant,31,30,-2125.0,-2375.0,1
10-20,radiant,31,31,-2125.0,-2125.0,1
10-20,radiant,31,32,-2125.0,-1875.0,4
10-20,radiant,31,33,-2125.0,-1625.0,4
10-20,radiant,31,34,-2125.0,-1375.0,9
10-20,radiant,31,36,-2125.0,-875.0,1
10-20,radiant,31,38,-2125.0,-375.0,1
10-20,radiant,32,7,-1875.0,-8125.0,381
10-20,radiant,32,8,-1875.0,-7875.0,853
10-20,radiant,32,9,-1875.0,-7625.0,138
10-20,radiant,32,10,-1875.0,-7375.0,38
10-20,radiant,32,15,-1875.0,-6125.0,5
10-20,radiant,32,16,-1875.0,-5875.0,1
10-20,radiant,32,18,-1875.0,-5375.0,8
10-20,radiant,32,19,-1875.0,-5125.0,11
10-20,radiant,32,20,-1875.0,-4875.0,24
10-20,radiant,32,21,-1875.0,-4625.0,573
10-20,radiant,32,22,-1875.0,-4375.0,104
10-20,radiant,32,23,-1875.0,-4125.0,23
10-20,radiant,32,24,-1875.0,-3875.0,8
10-20,radiant,32,25,-1875.0,-3625.0,37
10-20,radiant,32,26,-1875.0,-3375.0,141
10-20,radiant,32,27,-1875.0,-3125.0,42
10-20,radiant,32,28,-1875.0,-2875.0,38
10-20,radiant,32,29,-1875.0,-2625.0,3
10-20,radiant,32,30,-1875.0,-2375.0,2
10-20,radiant,32,31,-1875.0,-2125.0,3
10-20,radiant,32,32,-1875.0,-1875.0,3
10-20,radiant,32,33,-1875.0,-1625.0,1
10-20,radiant,32,34,-1875.0,-1375.0,2
10-20,radiant,32,35,-1875.0,-1125.0,10
10-20,radiant,32,36,-1875.0,-875.0,2
10-20,radiant,32,37,-1875.0,-625.0,2
10-20,radiant,32,38,-1875.0,-375.0,3
10-20,radiant,33,7,-1625.0,-8125.0,221
10-20,radiant,33,8,-1625.0,-7875.0,231
10-20,radiant,33,9,-1625.0,-7625.0,311
10-20,radiant,33,10,-1625.0,-7375.0,57
10-20,radiant,33,11,-1625.0,-7125.0,1
10-20,radiant,33,14,-1625.0,-6375.0,1
10-20,radiant,33,18,-1625.0,-5375.0,1
10-20,radiant,33,19,-1625.0,-5125.0,25
10-20,radiant,33,20,-1625.0,-4875.0,70
10-20,radiant,33,21,-1625.0,-4625.0,2321
10-20,radiant,33,22,-1625.0,-4375.0,2035
10-20,radiant,33,23,-1625.0,-4125.0,422
10-20,radiant,33,24,-1625.0,-3875.0,242
10-20,radiant,33,25,-1625.0,-3625.0,181
10-20,radiant,33,26,-1625.0,-3375.0,543
10-20,radiant,33,27,-1625.0,-3125.0,303
10-20,radiant,33,28,-1625.0,-2875.0,56
10-20,radiant,33,29,-1625.0,-2625.0,21
10-20,radiant,33,30,-1625.0,-2375.0,4
10-20,radiant,33,31,-1625.0,-2125.0,3
10-20,radiant,33,32,-1625.0,-1875.0,2
10-20,radiant,33,33,-1625.0,-1625.0,5
10-20,radiant,33,34,-1625.0,-1375.0,9
10-20,radiant,33,35,-1625.0,-1125.0,8
10-20,radiant,33,36,-1625.0,-875.0,5
10-20,radiant,33,37,-1625.0,-625.0,2
10-20,radiant,33,39,-1625.0,-125.0,1
10-20,radiant,33,40,-1625.0,125.0,2
10-20,radiant,34,7,-1375.0,-8125.0,126
10-20,radiant,34,8,-1375.0,-7875.0,48
10-20,radiant,34,9,-1375.0,-7625.0,188
10-20,radiant,34,10,-1375.0,-7375.0,62
10-20,radiant,34,11,-1375.0,-7125.0,5
10-20,radiant,34,15,-1375.0,-6125.0,2
10-20,radiant,34,17,-1375.0,-5625.0,2
10-20,radiant,34,18,-1375.0,-5375.0,2
10-20,radiant,34,19,-1375.0,-5125.0,35
10-20,radiant,34,20,-1375.0,-4875.0,365
10-20,radiant,34,21,-1375.0,-4625.0,726
10-20,radiant,34,22,-1375.0,-4375.0,1546
10-20,radiant,34,23,-1375.0,-4125.0,2174
10-20,radiant,34,24,-1375.0,-3875.0,1496
10-20,radiant,34,25,-1375.0,-3625.0,1636
10-20,radiant,34,26,-1375.0,-3375.0,1511
10-20,radiant,34,27,-1375.0,-3125.0,1062
10-20,radiant,34,28,-1375.0,-2875.0,39
10-20,radiant,34,29,-1375.0,-2625.0,27
10-20,radiant,34,30,-1375.0,-2375.0,4
10-20,radiant,34,31,-1375.0,-2125.0,1
10-20,radiant,34,32,-1375.0,-1875.0,2
10-20,radiant,34,33,-1375.0,-1625.0,7
10-20,radiant,34,34,-1375.0,-1375.0,21
10-20,radiant,34,35,-1375.0,-1125.0,11
10-20,radiant,34,36,-1375.0,-875.0,44
10-20,radiant,34,37,-1375.0,-625.0,7
10-20,radiant,34,38,-1375.0,-375.0,1
10-20,radiant,34,39,-1375.0,-125.0,2
10-20,radiant,34,40,-1375.0,125.0,2
10-20,radiant,35,7,-1125.0,-8125.0,41
10-20,radiant,35,8,-1125.0,-7875.0,38
10-20,radiant,35,9,-1125.0,-7625.0,253
10-20,radiant,35,10,-1125.0,-7375.0,105
10-20,radiant,35,11,-1125.0,-7125.0,9
10-20,radiant,35,15,-1125.0,-6125.0,2
10-20,radiant,35,18,-1125.0,-5375.0,3
10-20,radiant,35,19,-1125.0,-5125.0,86
10-20,radiant,35,20,-1125.0,-4875.0,97
10-20,radiant,35,21,-1125.0,-4625.0,213
10-20,radiant,35,22,-1125.0,-4375.0,256
10-20,radiant,35,23,-1125.0,-4125.0,12
10-20,radiant,35,24,-1125.0,-3875.0,84
10-20,radiant,35,25,-1125.0,-3625.0,622
10-20,radiant,35,26,-1125.0,-3375.0,1468
10-20,radiant,35,27,-1125.0,-3125.0,2462
10-20,radiant,35,28,-1125.0,-2875.0,60
10-20,radiant,35,29,-1125.0,-2625.0,37
10-20,radiant,35,30,-1125.0,-2375.0,13
10-20,radiant,35,31,-1125.0,-2125.0,5
10-20,radiant,35,32,-1125.0,-1875.0,3
10-20,radiant,35,33,-1125.0,-1625.0,2
10-20,radiant,35,34,-1125.0,-1375.0,47
10-20,radiant,35,35,-1125.0,-1125.0,63
10-20,radiant,35,36,-1125.0,-875.0,43
10-20,radiant,35,37,-1125.0,-625.0,11
10-20,radiant,35,38,-1125.0,-375.0,6
10-20,radiant,35,39,-1125.0,-125.0,2
10-20,radiant,35,40,-1125.0,125.0,1
10-20,radiant,36,7,-875.0,-8125.0,10
10-20,radiant,36,8,-875.0,-7875.0,132
10-20,radiant,36,9,-875.0,-7625.0,527
10-20,radiant,36,10,-875.0,-7375.0,170
10-20,radiant,36,11,-875.0,-7125.0,16
10-20,radiant,36,12,-875.0,-6875.0,6
10-20,radiant,36,15,-875.0,-6125.0,1
10-20,radiant,36,16,-875.0,-5875.0,1
10-20,radiant,36,18,-875.0,-5375.0,1
10-20,radiant,36,19,-875.0,-5125.0,3
10-20,radiant,36,20,-875.0,-4875.0,6
10-20,radiant,36,21,-875.0,-4625.0,57
10-20,radiant,36,22,-875.0,-4375.0,61
10-20,radiant,36,24,-875.0,-3875.0,11
10-20,radiant,36,25,-875.0,-3625.0,177
10-20,radiant,36,26,-875.0,-3375.0,615
10-20,radiant,36,27,-875.0,-3125.0,228
10-20,radiant,36,28,-875.0,-2875.0,105
10-20,radiant,36,29,-875.0,-2625.0,32
10-20,radiant,36,30,-875.0,-2375.0,10
10-20,radiant,36,31,-875.0,-2125.0,6
10-20,radiant,36,32,-875.0,-1875.0,8
10-20,radiant,36,33,-875.0,-1625.0,7
10-20,radiant,36,34,-875.0,-1375.0,3
10-20,radiant,36,35,-875.0,-1125.0,6
10-20,radiant,36,36,-875.0,-875.0,10
10-20,radiant,36,37,-875.0,-625.0,12
10-20,radiant,36,38,-875.0,-375.0,8
10-20,radiant,37,7,-625.0,-8125.0,3
10-20,radiant,37,8,-625.0,-7875.0,140
10-20,radiant,37,9,-625.0,-7625.0,838
10-20,radiant,37,10,-625.0,-7375.0,2169
10-20,radiant,37,11,-625.0,-7125.0,14
10-20,radiant,37,12,-625.0,-6875.0,9
10-20,radiant,37,13,-625.0,-6625.0,1
10-20,radiant,37,14,-625.0,-6375.0,1
10-20,radiant,37,17,-625.0,-5625.0,1
10-20,radiant,37,19,-625.0,-5125.0,1
10-20,radiant,37,20,-625.0,-4875.0,11
10-20,radiant,37,21,-625.0,-4625.0,26
10-20,radiant,37,22,-625.0,-4375.0,3
10-20,radiant,37,23,-625.0,-4125.0,6
10-20,radiant,37,24,-625.0,-3875.0,23
10-20,radiant,37,25,-625.0,-3625.0,75
10-20,radiant,37,26,-625.0,-3375.0,81
10-20,radiant,37,27,-625.0,-3125.0,89
10-20,radiant,37,28,-625.0,-2875.0,60
10-20,radiant,37,29,-625.0,-2625.0,9
10-20,radiant,37,30,-625.0,-2375.0,2
10-20,radiant,37,31,-625.0,-2125.0,3
10-20,radiant,37,32,-625.0,-1875.0,2
10-20,radiant,37,33,-625.0,-1625.0,1
10-20,radiant,37,35,-625.0,-1125.0,4
10-20,radiant,37,36,-625.0,-875.0,6
10-20,radiant,37,37,-625.0,-625.0,21
10-20,radiant,37,38,-625.0,-375.0,16
10-20,radiant,37,39,-625.0,-125.0,5
10-20,radiant,37,40,-625.0,125.0,3
10-20,radiant,38,8,-375.0,-7875.0,70
10-20,radiant,38,9,-375.0,-7625.0,1079
10-20,radiant,38,10,-375.0,-7375.0,3596
10-20,radiant,38,11,-375.0,-7125.0,24
10-20,radiant,38,12,-375.0,-6875.0,8
10-20,radiant,38,15,-375.0,-6125.0,1
10-20,radiant,38,16,-375.0,-5875.0,3
10-20,radiant,38,17,-375.0,-5625.0,1
10-20,radiant,38,18,-375.0,-5375.0,2
10-20,radiant,38,19,-375.0,-5125.0,6
10-20,radiant,38,20,-375.0,-4875.0,34
10-20,radiant,38,21,-375.0,-4625.0,111
10-20,radiant,38,22,-375.0,-4375.0,18
10-20,radiant,38,23,-375.0,-4125.0,6
10-20,radiant,38,24,-375.0,-3875.0,9
10-20,radiant,38,25,-375.0,-3625.0,8
10-20,radiant,38,26,-375.0,-3375.0,11
10-20,radiant,38,27,-375.0,-3125.0,16
10-20,radiant,38,28,-375.0,-2875.0,3
10-20,radiant,38,29,-375.0,-2625.0,2
10-20,radiant,38,30,-375.0,-2375.0,1
10-20,radiant,38,32,-375.0,-1875.0,1
10-20,radiant,38,33,-375.0,-1625.0,2
10-20,radiant,38,34,-375.0,-1375.0,1
10-20,radiant,38,35,-375.0,-1125.0,5
10-20,radiant,38,36,-375.0,-875.0,4
10-20,radiant,38,37,-375.0,-625.0,12
10-20,radiant,38,38,-375.0,-375.0,11
10-20,radiant,38,39,-375.0,-125.0,19
10-20,radiant,38,40,-375.0,125.0,6
10-20,radiant,39,7,-125.0,-8125.0,1
10-20,radiant,39,8,-125.0,-7875.0,52
10-20,radiant,39,9,-125.0,-7625.0,465
10-20,radiant,39,10,-125.0,-7375.0,237
10-20,radiant,39,11,-125.0,-7125.0,46
10-20,radiant,39,12,-125.0,-6875.0,4
10-20,radiant,39,13,-125.0,-6625.0,3
10-20,radiant,39,14,-125.0,-6375.0,2
10-20,radiant,39,16,-125.0,-5875.0,3
10-20,radiant,39,18,-125.0,-5375.0,2
10-20,radiant,39,19,-125.0,-5125.0,3
10-20,radiant,39,20,-125.0,-4875.0,54
10-20,radiant,39,21,-125.0,-4625.0,292
10-20,radiant,39,22,-125.0,-4375.0,100
10-20,radiant,39,23,-125.0,-4125.0,22
10-20,radiant,39,24,-125.0,-3875.0,7
10-20,radiant,39,27,-125.0,-3125.0,2
10-20,radiant,39,28,-125.0,-2875.0,1
10-20,radiant,39,33,-125.0,-1625.0,1
10-20,radiant,39,34,-125.0,-1375.0,1
10-20,radiant,39,35,-125.0,-1125.0,3
10-20,radiant,39,36,-125.0,-875.0,4
10-20,radiant,39,38,-125.0,-375.0,3
10-20,radiant,39,39,-125.0,-125.0,13
10-20,radiant,39,40,-125.0,125.0,7
10-20,radiant,40,8,125.0,-7875.0,22
10-20,radiant,40,9,125.0,-7625.0,190
10-20,radiant,40,10,125.0,-7375.0,51
10-20,radiant,40,11,125.0,-7125.0,40
10-20,radiant,40,12,125.0,-6875.0,11
10-20,radiant,40,13,125.0,-6625.0,1
10-20,radiant,40,14,125.0,-6375.0,1
10-20,radiant,40,15,125.0,-6125.0,10
10-20,radiant,40,16,125.0,-5875.0,11
10-20,radiant,40,17,125.0,-5625.0,2
10-20,radiant,40,18,125.0,-5375.0,1
10-20,radiant,40,19,125.0,-5125.0,1
10-20,radiant,40,20,125.0,-4875.0,137
10-20,radiant,40,21,125.0,-4625.0,694
10-20,radiant,40,22,125.0,-4375.0,177
10-20,radiant,40,23,125.0,-4125.0,19
10-20,radiant,40,33,125.0,-1625.0,1
10-20,radiant,40,34,125.0,-1375.0,3
10-20,radiant,40,35,125.0,-1125.0,3
10-20,radiant,40,37,125.0,-625.0,2
10-20,radiant,40,38,125.0,-375.0,7
10-20,radiant,40,39,125.0,-125.0,7
10-20,radiant,40,40,125.0,125.0,4
10-20,dire,40,40,125.0,125.0,6
10-20,dire,40,41,125.0,375.0,10
10-20,dire,40,42,125.0,625.0,7
10-20,dire,40,43,125.0,875.0,8
10-20,dire,40,44,125.0,1125.0,4
10-20,dire,40,45,125.0,1375.0,3
10-20,dire,40,46,125.0,1625.0,2
10-20,dire,40,47,125.0,1875.0,1
10-20,dire,40,48,125.0,2125.0,6
10-20,dire,40,49,125.0,2375.0,3
10-20,dire,40,50,125.0,2625.0,2
10-20,dire,40,51,125.0,2875.0,4
10-20,dire,40,52,125.0,3125.0,2
10-20,dire,40,53,125.0,3375.0,3
10-20,dire,40,56,125.0,4125.0,11
10-20,dire,40,57,125.0,4375.0,5
10-20,dire,40,58,125.0,4625.0,18
10-20,dire,40,59,125.0,4875.0,4
10-20,dire,40,60,125.0,5125.0,1
10-20,dire,40,62,125.0,5625.0,1
10-20,dire,40,63,125.0,5875.0,1
10-20,dire,40,64,125.0,6125.0,6
10-20,dire,40,65,125.0,6375.0,6
10-20,dire,40,66,125.0,6625.0,1
10-20,dire,40,67,125.0,6875.0,36
10-20,dire,40,68,125.0,7125.0,246
10-20,dire,40,69,125.0,7375.0,510
10-20,dire,40,70,125.0,7625.0,800
10-20,dire,40,71,125.0,7875.0,212
10-20,dire,40,72,125.0,8125.0,555
10-20,dire,40,73,125.0,8375.0,464
10-20,dire,41,41,375.0,375.0,32
10-20,dire,41,42,375.0,625.0,65
10-20,dire,41,43,375.0,875.0,58
10-20,dire,41,44,375.0,1125.0,2
10-20,dire,41,45,375.0,1375.0,2
10-20,dire,41,47,375.0,1875.0,2
10-20,dire,41,48,375.0,2125.0,14
10-20,dire,41,49,375.0,2375.0,30
10-20,dire,41,50,375.0,2625.0,17
10-20,dire,41,51,375.0,2875.0,18
10-20,dire,41,52,375.0,3125.0,26
10-20,dire,41,53,375.0,3375.0,9
10-20,dire,41,54,375.0,3625.0,7
10-20,dire,41,55,375.0,3875.0,19
10-20,dire,41,56,375.0,4125.0,94
10-20,dire,41,57,375.0,4375.0,19
10-20,dire,41,58,375.0,4625.0,6
10-20,dire,41,59,375.0,4875.0,5
10-20,dire,41,61,375.0,5375.0,1
10-20,dire,41,65,375.0,6375.0,1
10-20,dire,41,67,375.0,6875.0,6
10-20,dire,41,68,375.0,7125.0,144
10-20,dire,41,69,375.0,7375.0,711
10-20,dire,41,70,375.0,7625.0,4447
10-20,dire,41,71,375.0,7875.0,630
10-20,dire,41,72,375.0,8125.0,89
10-20,dire,41,73,375.0,8375.0,17
10-20,dire,42,40,625.0,125.0,3
10-20,dire,42,41,625.0,375.0,34
10-20,dire,42,42,625.0,625.0,19
10-20,dire,42,43,625.0,875.0,24
10-20,dire,42,44,625.0,1125.0,6
10-20,dire,42,46,625.0,1625.0,5
10-20,dire,42,47,625.0,1875.0,7
10-20,dire,42,48,625.0,2125.0,20
10-20,dire,42,49,625.0,2375.0,53
10-20,dire,42,50,625.0,2625.0,217
10-20,dire,42,51,625.0,2875.0,251
10-20,dire,42,52,625.0,3125.0,168
10-20,dire,42,53,625.0,3375.0,63
10-20,dire,42,54,625.0,3625.0,80
10-20,dire,42,55,625.0,3875.0,186
10-20,dire,42,56,625.0,4125.0,257
10-20,dire,42,57,625.0,4375.0,81
10-20,dire,42,58,625.0,4625.0,30
10-20,dire,42,60,625.0,5125.0,3
10-20,dire,42,63,625.0,5875.0,2
10-20,dire,42,64,625.0,6125.0,1
10-20,dire,42,66,625.0,6625.0,1
10-20,dire,42,67,625.0,6875.0,25
10-20,dire,42,68,625.0,7125.0,111
10-20,dire,42,69,625.0,7375.0,496
10-20,dire,42,70,625.0,7625.0,118
10-20,dire,42,71,625.0,7875.0,22
10-20,dire,42,72,625.0,8125.0,34
10-20,dire,43,40,875.0,125.0,1
10-20,dire,43,41,875.0,375.0,5
10-20,dire,43,42,875.0,625.0,16
10-20,dire,43,43,875.0,875.0,5
10-20,dire,43,44,875.0,1125.0,4
10-20,dire,43,46,875.0,1625.0,5
10-20,dire,43,47,875.0,1875.0,7
10-20,dire,43,48,875.0,2125.0,35
10-20,dire,43,49,875.0,2375.0,50
10-20,dire,43,50,875.0,2625.0,697
10-20,dire,43,51,875.0,2875.0,962
10-20,dire,43,52,875.0,3125.0,293
10-20,dire,43,53,875.0,3375.0,49
10-20,dire,43,54,875.0,3625.0,72
10-20,dire,43,55,875.0,3875.0,525
10-20,dire,43,56,875.0,4125.0,583
10-20,dire,43,57,875.0,4375.0,372
10-20,dire,43,58,875.0,4625.0,112
10-20,dire,43,59,875.0,4875.0,34
10-20,dire,43,60,875.0,5125.0,8
10-20,dire,43,62,875.0,5625.0,1
10-20,dire,43,66,875.0,6625.0,1
10-20,dire,43,67,875.0,6875.0,1
10-20,dire,43,68,875.0,7125.0,20
10-20,dire,43,69,875.0,7375.0,218
10-20,dire,43,70,875.0,7625.0,36
10-20,dire,43,71,875.0,7875.0,1
10-20,dire,43,72,875.0,8125.0,11
10-20,dire,44,41,1125.0,375.0,1
10-20,dire,44,42,1125.0,625.0,2
10-20,dire,44,43,1125.0,875.0,7
10-20,dire,44,44,1125.0,1125.0,5
10-20,dire,44,45,1125.0,1375.0,3
10-20,dire,44,46,1125.0,1625.0,5
10-20,dire,44,47,1125.0,1875.0,29
10-20,dire,44,48,1125.0,2125.0,76
10-20,dire,44,49,1125.0,2375.0,172
10-20,dire,44,50,1125.0,2625.0,3581
10-20,dire,44,51,1125.0,2875.0,1926
10-20,dire,44,52,1125.0,3125.0,1014
10-20,dire,44,53,1125.0,3375.0,253
10-20,dire,44,54,1125.0,3625.0,220
10-20,dire,44,55,1125.0,3875.0,925
10-20,dire,44,56,1125.0,4125.0,2743
10-20,dire,44,57,1125.0,4375.0,317
10-20,dire,44,58,1125.0,4625.0,30
10-20,dire,44,59,1125.0,4875.0,1
10-20,dire,44,61,1125.0,5375.0,2
10-20,dire,44,62,1125.0,5625.0,1
10-20,dire,44,66,1125.0,6625.0,1
10-20,dire,44,68,1125.0,7125.0,2
10-20,dire,44,69,1125.0,7375.0,149
10-20,dire,44,70,1125.0,7625.0,70
10-20,dire,44,71,1125.0,7875.0,4
10-20,dire,44,72,1125.0,8125.0,10
10-20,dire,45,40,1375.0,125.0,2
10-20,dire,45,41,1375.0,375.0,5
10-20,dire,45,42,1375.0,625.0,2
10-20,dire,45,43,1375.0,875.0,4
10-20,dire,45,44,1375.0,1125.0,2
10-20,dire,45,45,1375.0,1375.0,4
10-20,dire,45,46,1375.0,1625.0,3
10-20,dire,45,47,1375.0,1875.0,3
10-20,dire,45,48,1375.0,2125.0,61
10-20,dire,45,49,1375.0,2375.0,222
10-20,dire,45,50,1375.0,2625.0,920
10-20,dire,45,51,1375.0,2875.0,804
10-20,dire,45,52,1375.0,3125.0,1120
10-20,dire,45,53,1375.0,3375.0,1093
10-20,dire,45,54,1375.0,3625.0,2048
10-20,dire,45,55,1375.0,3875.0,1848
10-20,dire,45,56,1375.0,4125.0,914
10-20,dire,45,57,1375.0,4375.0,54
10-20,dire,45,58,1375.0,4625.0,26
10-20,dire,45,59,1375.0,4875.0,8
10-20,dire,45,61,1375.0,5375.0,1
10-20,dire,45,68,1375.0,7125.0,1
10-20,dire,45,69,1375.0,7375.0,112
10-20,dire,45,70,1375.0,7625.0,545
10-20,dire,45,71,1375.0,7875.0,9
10-20,dire,45,72,1375.0,8125.0,17
10-20,dire,46,40,1625.0,125.0,2
10-20,dire,46,42,1625.0,625.0,4
10-20,dire,46,43,1625.0,875.0,1
10-20,dire,46,44,1625.0,1125.0,6
10-20,dire,46,45,1625.0,1375.0,1
10-20,dire,46,46,1625.0,1625.0,5
10-20,dire,46,47,1625.0,1875.0,13
10-20,dire,46,48,1625.0,2125.0,9
10-20,dire,46,49,1625.0,2375.0,126
10-20,dire,46,50,1625.0,2625.0,254
10-20,dire,46,51,1625.0,2875.0,60
10-20,dire,46,52,1625.0,3125.0,6
10-20,dire,46,53,1625.0,3375.0,47
10-20,dire,46,54,1625.0,3625.0,243
10-20,dire,46,55,1625.0,3875.0,141
10-20,dire,46,56,1625.0,4125.0,19
10-20,dire,46,57,1625.0,4375.0,4
10-20,dire,46,58,1625.0,4625.0,3
10-20,dire,46,59,1625.0,4875.0,1
10-20,dire,46,62,1625.0,5625.0,3
10-20,dire,46,63,1625.0,5875.0,2
10-20,dire,46,64,1625.0,6125.0,5
10-20,dire,46,67,1625.0,6875.0,1
10-20,dire,46,68,1625.0,7125.0,13
10-20,dire,46,69,1625.0,7375.0,24
10-20,dire,46,70,1625.0,7625.0,1053
10-20,dire,46,71,1625.0,7875.0,401
10-20,dire,46,72,1625.0,8125.0,14
10-20,dire,47,40,1875.0,125.0,2
10-20,dire,47,42,1875.0,625.0,4
10-20,dire,47,43,1875.0,875.0,2
10-20,dire,47,44,1875.0,1125.0,2
10-20,dire,47,45,1875.0,1375.0,6
10-20,dire,47,46,1875.0,1625.0,4
10-20,dire,47,47,1875.0,1875.0,3
10-20,dire,47,48,1875.0,2125.0,6
10-20,dire,47,49,1875.0,2375.0,22
10-20,dire,47,50,1875.0,2625.0,4
10-20,dire,47,51,1875.0,2875.0,15
10-20,dire,47,53,1875.0,3375.0,21
10-20,dire,47,54,1875.0,3625.0,25
10-20,dire,47,55,1875.0,3875.0,41
10-20,dire,47,56,1875.0,4125.0,14
10-20,dire,47,57,1875.0,4375.0,1
10-20,dire,47,58,1875.0,4625.0,1
10-20,dire,47,59,1875.0,4875.0,3
10-20,dire,47,60,1875.0,5125.0,1
10-20,dire,47,63,1875.0,5875.0,3
10-20,dire,47,67,1875.0,6875.0,2
10-20,dire,47,68,1875.0,7125.0,24
10-20,dire,47,69,1875.0,7375.0,172
10-20,dire,47,70,1875.0,7625.0,358
10-20,dire,47,71,1875.0,7875.0,1282
10-20,dire,47,72,1875.0,8125.0,2
10-20,dire,48,41,2125.0,375.0,1
10-20,dire,48,42,2125.0,625.0,2
10-20,dire,48,43,2125.0,875.0,1
10-20,dire,48,45,2125.0,1375.0,6
10-20,dire,48,46,2125.0,1625.0,2
10-20,dire,48,47,2125.0,1875.0,2
10-20,dire,48,48,2125.0,2125.0,4
10-20,dire,48,49,2125.0,2375.0,3
10-20,dire,48,51,2125.0,2875.0,1
10-20,dire,48,52,2125.0,3125.0,2
10-20,dire,48,53,2125.0,3375.0,2
10-20,dire,48,54,2125.0,3625.0,1
10-20,dire,48,55,2125.0,3875.0,4
10-20,dire,48,56,2125.0,4125.0,4
10-20,dire,48,58,2125.0,4625.0,2
10-20,dire,48,60,2125.0,5125.0,1
10-20,dire,48,62,2125.0,5625.0,2
10-20,dire,48,63,2125.0,5875.0,15
10-20,dire,48,66,2125.0,6625.0,1
10-20,dire,48,67,2125.0,6875.0,2
10-20,dire,48,68,2125.0,7125.0,24
10-20,dire,48,69,2125.0,7375.0,219
10-20,dire,48,70,2125.0,7625.0,385
10-20,dire,48,71,2125.0,7875.0,509
10-20,dire,48,72,2125.0,8125.0,4
10-20,dire,49,40,2375.0,125.0,3
10-20,dire,49,42,2375.0,625.0,3
10-20,dire,49,43,2375.0,875.0,2
10-20,dire,49,45,2375.0,1375.0,1
10-20,dire,49,46,2375.0,1625.0,1
10-20,dire,49,47,2375.0,1875.0,14
10-20,dire,49,48,2375.0,2125.0,1
10-20,dire,49,49,2375.0,2375.0,1
10-20,dire,49,55,2375.0,3875.0,1
10-20,dire,49,56,2375.0,4125.0,2
10-20,dire,49,57,2375.0,4375.0,1
10-20,dire,49,60,2375.0,5125.0,1
10-20,dire,49,64,2375.0,6125.0,1
10-20,dire,49,67,2375.0,6875.0,3
10-20,dire,49,68,2375.0,7125.0,16
10-20,dire,49,69,2375.0,7375.0,45
10-20,dire,49,70,2375.0,7625.0,2
10-20,dire,50,40,2625.0,125.0,2
10-20,dire,50,41,2625.0,375.0,2
10-20,dire,50,47,2625.0,1875.0,8
10-20,dire,50,48,2625.0,2125.0,4
10-20,dire,50,49,2625.0,2375.0,2
10-20,dire,50,55,2625.0,3875.0,1
10-20,dire,50,63,2625.0,5875.0,1
10-20,dire,50,64,2625.0,6125.0,1
10-20,dire,50,68,2625.0,7125.0,3
10-20,dire,50,69,2625.0,7375.0,4
10-20,dire,51,40,2875.0,125.0,8
10-20,dire,51,41,2875.0,375.0,1
10-20,dire,51,47,2875.0,1875.0,1
10-20,dire,51,48,2875.0,2125.0,1
10-20,dire,51,53,2875.0,3375.0,1
10-20,dire,51,54,2875.0,3625.0,2
10-20,dire,51,68,2875.0,7125.0,6
10-20,dire,51,69,2875.0,7375.0,1
10-20,dire,52,40,3125.0,125.0,10
10-20,dire,52,41,3125.0,375.0,1
10-20,dire,52,42,3125.0,625.0,1
10-20,dire,52,44,3125.0,1125.0,1
10-20,dire,52,46,3125.0,1625.0,2
10-20,dire,53,40,3375.0,125.0,30
10-20,dire,53,41,3375.0,375.0,2
10-20,dire,53,43,3375.0,875.0,2
10-20,dire,53,49,3375.0,2375.0,1
10-20,dire,53,50,3375.0,2625.0,1
10-20,dire,53,51,3375.0,2875.0,1
10-20,dire,53,62,3375.0,5625.0,1
10-20,dire,53,64,3375.0,6125.0,1
10-20,dire,54,40,3625.0,125.0,87
10-20,dire,54,41,3625.0,375.0,8
10-20,dire,54,42,3625.0,625.0,35
10-20,dire,54,43,3625.0,875.0,26
10-20,dire,54,44,3625.0,1125.0,4
10-20,dire,55,40,3875.0,125.0,244
10-20,dire,55,41,3875.0,375.0,151
10-20,dire,55,42,3875.0,625.0,126
10-20,dire,55,43,3875.0,875.0,17
10-20,dire,55,48,3875.0,2125.0,1
10-20,dire,55,52,3875.0,3125.0,1
10-20,dire,55,65,3875.0,6375.0,1
10-20,dire,56,40,4125.0,125.0,950
10-20,dire,56,41,4125.0,375.0,201
10-20,dire,56,42,4125.0,625.0,22
10-20,dire,56,43,4125.0,875.0,9
10-20,dire,56,44,4125.0,1125.0,2
10-20,dire,56,45,4125.0,1375.0,1
10-20,dire,57,40,4375.0,125.0,2059
10-20,dire,57,41,4375.0,375.0,31
10-20,dire,57,42,4375.0,625.0,12
10-20,dire,57,43,4375.0,875.0,3
10-20,dire,57,44,4375.0,1125.0,2
10-20,dire,57,46,4375.0,1625.0,1
10-20,dire,57,54,4375.0,3625.0,1
10-20,dire,57,59,4375.0,4875.0,1
10-20,dire,57,60,4375.0,5125.0,2
10-20,dire,58,40,4625.0,125.0,83
10-20,dire,58,41,4625.0,375.0,11
10-20,dire,58,42,4625.0,625.0,3
10-20,dire,58,43,4625.0,875.0,4
10-20,dire,58,44,4625.0,1125.0,2
10-20,dire,59,40,4875.0,125.0,19
10-20,dire,59,41,4875.0,375.0,21
10-20,dire,59,43,4875.0,875.0,2
10-20,dire,59,44,4875.0,1125.0,3
10-20,dire,59,48,4875.0,2125.0,1
10-20,dire,60,40,5125.0,125.0,4
10-20,dire,60,41,5125.0,375.0,4
10-20,dire,60,42,5125.0,625.0,3
10-20,dire,60,44,5125.0,1125.0,1
10-20,dire,60,47,5125.0,1875.0,1
10-20,dire,61,41,5375.0,375.0,1
10-20,dire,61,42,5375.0,625.0,1
10-20,dire,61,43,5375.0,875.0,1
10-20,dire,61,44,5375.0,1125.0,2
10-20,dire,63,40,5875.0,125.0,1
10-20,dire,64,40,6125.0,125.0,2
10-20,dire,64,41,6125.0,375.0,1
10-20,dire,64,42,6125.0,625.0,1
10-20,dire,64,43,6125.0,875.0,1
10-20,dire,64,46,6125.0,1625.0,1
10-20,dire,64,48,6125.0,2125.0,1
10-20,dire,64,49,6125.0,2375.0,1
10-20,dire,65,40,6375.0,125.0,6
10-20,dire,65,42,6375.0,625.0,1
10-20,dire,65,43,6375.0,875.0,1
10-20,dire,65,48,6375.0,2125.0,1
10-20,dire,65,49,6375.0,2375.0,1
10-20,dire,66,40,6625.0,125.0,2
10-20,dire,66,41,6625.0,375.0,8
10-20,dire,66,42,6625.0,625.0,2
10-20,dire,66,43,6625.0,875.0,1
10-20,dire,66,46,6625.0,1625.0,2
10-20,dire,67,40,6875.0,125.0,2
10-20,dire,67,41,6875.0,375.0,5
10-20,dire,68,40,7125.0,125.0,1
10-20,dire,68,41,7125.0,375.0,9
10-20,dire,68,42,7125.0,625.0,2
10-20,dire,69,41,7375.0,375.0,10
10-20,dire,69,42,7375.0,625.0,8
10-20,dire,69,43,7375.0,875.0,1
10-20,dire,69,48,7375.0,2125.0,3
10-20,dire,69,49,7375.0,2375.0,1
10-20,dire,70,40,7625.0,125.0,2
10-20,dire,70,41,7625.0,375.0,19
10-20,dire,70,42,7625.0,625.0,36
10-20,dire,70,43,7625.0,875.0,13
10-20,dire,70,47,7625.0,1875.0,6
10-20,dire,71,40,7875.0,125.0,270
10-20,dire,71,41,7875.0,375.0,247
10-20,dire,71,42,7875.0,625.0,218
10-20,dire,71,43,7875.0,875.0,190
10-20,dire,71,44,7875.0,1125.0,25
10-20,dire,71,45,7875.0,1375.0,15
10-20,dire,71,46,7875.0,1625.0,33
10-20,dire,71,47,7875.0,1875.0,2
10-20,dire,72,40,8125.0,125.0,1537
10-20,dire,72,41,8125.0,375.0,1337
10-20,dire,72,42,8125.0,625.0,952
10-20,dire,72,43,8125.0,875.0,1107
10-20,dire,72,44,8125.0,1125.0,548
10-20,dire,72,45,8125.0,1375.0,150
10-20,dire,72,46,8125.0,1625.0,8
10-20,dire,73,40,8375.0,125.0,67
10-20,dire,73,41,8375.0,375.0,67
10-20,dire,73,42,8375.0,625.0,91
10-20,dire,73,43,8375.0,875.0,235
10-20,dire,73,44,8375.0,1125.0,2539
10-20,dire,73,45,8375.0,1375.0,1795
10-20,dire,73,46,8375.0,1625.0,3
10-20,dire,73,49,8375.0,2375.0,1
10-20,dire,74,42,8625.0,625.0,1
10-20,dire,74,43,8625.0,875.0,2
10-20,dire,74,44,8625.0,1125.0,73
10-20,dire,74,45,8625.0,1375.0,134
10-20,dire,74,49,8625.0,2375.0,4
10-20,dire,75,49,8875.0,2375.0,1
20+,radiant,3,38,-9125.0,-375.0,1
20+,radiant,4,31,-8875.0,-2125.0,1
20+,radiant,4,33,-8875.0,-1625.0,2
20+,radiant,4,34,-8875.0,-1375.0,1
20+,radiant,4,35,-8875.0,-1125.0,1
20+,radiant,4,36,-8875.0,-875.0,1
20+,radiant,4,39,-8875.0,-125.0,1
20+,radiant,5,29,-8625.0,-2625.0,1
20+,radiant,5,30,-8625.0,-2375.0,2
20+,radiant,5,33,-8625.0,-1625.0,1
20+,radiant,5,34,-8625.0,-1375.0,4
20+,radiant,5,36,-8625.0,-875.0,1
20+,radiant,5,37,-8625.0,-625.0,1
20+,radiant,5,38,-8625.0,-375.0,2
20+,radiant,5,40,-8625.0,125.0,1
20+,radiant,6,29,-8375.0,-2625.0,4
20+,radiant,6,30,-8375.0,-2375.0,2
20+,radiant,6,31,-8375.0,-2125.0,1
20+,radiant,6,32,-8375.0,-1875.0,2
20+,radiant,6,33,-8375.0,-1625.0,5
20+,radiant,6,34,-8375.0,-1375.0,3
20+,radiant,6,35,-8375.0,-1125.0,2
20+,radiant,6,36,-8375.0,-875.0,3
20+,radiant,6,37,-8375.0,-625.0,9
20+,radiant,6,38,-8375.0,-375.0,8
20+,radiant,6,39,-8375.0,-125.0,8
20+,radiant,6,40,-8375.0,125.0,4
20+,radiant,7,31,-8125.0,-2125.0,5
20+,radiant,7,32,-8125.0,-1875.0,12
20+,radiant,7,33,-8125.0,-1625.0,28
20+,radiant,7,34,-8125.0,-1375.0,16
20+,radiant,7,35,-8125.0,-1125.0,9
20+,radiant,7,36,-8125.0,-875.0,12
20+,radiant,7,37,-8125.0,-625.0,82
20+,radiant,7,38,-8125.0,-375.0,4234
20+,radiant,7,39,-8125.0,-125.0,882
20+,radiant,7,40,-8125.0,125.0,6
20+,radiant,8,29,-7875.0,-2625.0,2
20+,radiant,8,30,-7875.0,-2375.0,4
20+,radiant,8,31,-7875.0,-2125.0,8
20+,radiant,8,32,-7875.0,-1875.0,13
20+,radiant,8,33,-7875.0,-1625.0,6427
20+,radiant,8,34,-7875.0,-1375.0,1521
20+,radiant,8,35,-7875.0,-1125.0,567
20+,radiant,8,36,-7875.0,-875.0,552
20+,radiant,8,37,-7875.0,-625.0,1544
20+,radiant,8,38,-7875.0,-375.0,5332
20+,radiant,8,39,-7875.0,-125.0,1792
20+,radiant,8,40,-7875.0,125.0,159
20+,radiant,9,30,-7625.0,-2375.0,4
20+,radiant,9,31,-7625.0,-2125.0,56
20+,radiant,9,32,-7625.0,-1875.0,153
20+,radiant,9,33,-7625.0,-1625.0,5156
20+,radiant,9,34,-7625.0,-1375.0,4684
20+,radiant,9,35,-7625.0,-1125.0,2771
20+,radiant,9,36,-7625.0,-875.0,2120
20+,radiant,9,37,-7625.0,-625.0,3192
20+,radiant,9,38,-7625.0,-375.0,1046
20+,radiant,9,39,-7625.0,-125.0,559
20+,radiant,9,40,-7625.0,125.0,134
20+,radiant,10,26,-7375.0,-3375.0,2
20+,radiant,10,28,-7375.0,-2875.0,1
20+,radiant,10,30,-7375.0,-2375.0,16
20+,radiant,10,31,-7375.0,-2125.0,60
20+,radiant,10,32,-7375.0,-1875.0,127
20+,radiant,10,33,-7375.0,-1625.0,394
20+,radiant,10,34,-7375.0,-1375.0,450
20+,radiant,10,35,-7375.0,-1125.0,565
20+,radiant,10,36,-7375.0,-875.0,401
20+,radiant,10,37,-7375.0,-625.0,198
20+,radiant,10,38,-7375.0,-375.0,21
20+,radiant,10,39,-7375.0,-125.0,16
20+,radiant,11,28,-7125.0,-2875.0,1
20+,radiant,11,30,-7125.0,-2375.0,1
20+,radiant,11,31,-7125.0,-2125.0,1
20+,radiant,11,32,-7125.0,-1875.0,1
20+,radiant,11,34,-7125.0,-1375.0,20
20+,radiant,11,35,-7125.0,-1125.0,62
20+,radiant,11,36,-7125.0,-875.0,27
20+,radiant,12,26,-6875.0,-3375.0,1
20+,radiant,12,33,-6875.0,-1625.0,1
20+,radiant,12,34,-6875.0,-1375.0,18
20+,radiant,12,35,-6875.0,-1125.0,11
20+,radiant,12,36,-6875.0,-875.0,15
20+,radiant,12,37,-6875.0,-625.0,2
20+,radiant,12,39,-6875.0,-125.0,1
20+,radiant,12,40,-6875.0,125.0,1
20+,radiant,13,16,-6625.0,-5875.0,5
20+,radiant,13,17,-6625.0,-5625.0,1
20+,radiant,13,21,-6625.0,-4625.0,1
20+,radiant,13,22,-6625.0,-4375.0,2
20+,radiant,13,25,-6625.0,-3625.0,1
20+,radiant,13,26,-6625.0,-3375.0,6
20+,radiant,13,27,-6625.0,-3125.0,7
20+,radiant,13,28,-6625.0,-2875.0,10
20+,radiant,13,29,-6625.0,-2625.0,3
20+,radiant,13,30,-6625.0,-2375.0,5
20+,radiant,13,31,-6625.0,-2125.0,3
20+,radiant,13,32,-6625.0,-1875.0,2
20+,radiant,13,33,-6625.0,-1625.0,3
20+,radiant,13,34,-6625.0,-1375.0,4
20+,radiant,13,35,-6625.0,-1125.0,7
20+,radiant,13,36,-6625.0,-875.0,9
20+,radiant,13,37,-6625.0,-625.0,7
20+,radiant,13,38,-6625.0,-375.0,3
20+,radiant,14,15,-6375.0,-6125.0,1
20+,radiant,14,16,-6375.0,-5875.0,1
20+,radiant,14,17,-6375.0,-5625.0,1
20+,radiant,14,19,-6375.0,-5125.0,3
20+,radiant,14,20,-6375.0,-4875.0,1
20+,radiant,14,22,-6375.0,-4375.0,2
20+,radiant,14,23,-6375.0,-4125.0,1
20+,radiant,14,24,-6375.0,-3875.0,1
20+,radiant,14,25,-6375.0,-3625.0,4
20+,radiant,14,26,-6375.0,-3375.0,18
20+,radiant,14,27,-6375.0,-3125.0,5
20+,radiant,14,28,-6375.0,-2875.0,39
20+,radiant,14,29,-6375.0,-2625.0,10
20+,radiant,14,30,-6375.0,-2375.0,7
20+,radiant,14,31,-6375.0,-2125.0,8
20+,radiant,14,32,-6375.0,-1875.0,2
20+,radiant,14,33,-6375.0,-1625.0,4
20+,radiant,14,35,-6375.0,-1125.0,8
20+,radiant,14,36,-6375.0,-875.0,10
20+,radiant,14,37,-6375.0,-625.0,7
20+,radiant,14,38,-6375.0,-375.0,11
20+,radiant,14,39,-6375.0,-125.0,5
20+,radiant,14,40,-6375.0,125.0,1
20+,radiant,15,15,-6125.0,-6125.0,1
20+,radiant,15,16,-6125.0,-5875.0,7
20+,radiant,15,17,-6125.0,-5625.0,1
20+,radiant,15,18,-6125.0,-5375.0,1
20+,radiant,15,19,-6125.0,-5125.0,1
20+,radiant,15,22,-6125.0,-4375.0,5
20+,radiant,15,24,-6125.0,-3875.0,2
20+,radiant,15,25,-6125.0,-3625.0,7
20+,radiant,15,26,-6125.0,-3375.0,22
20+,radiant,15,27,-6125.0,-3125.0,17
20+,radiant,15,28,-6125.0,-2875.0,17
20+,radiant,15,29,-6125.0,-2625.0,9
20+,radiant,15,30,-6125.0,-2375.0,7
20+,radiant,15,31,-6125.0,-2125.0,8
20+,radiant,15,32,-6125.0,-1875.0,9
20+,radiant,15,33,-6125.0,-1625.0,7
20+,radiant,15,34,-6125.0,-1375.0,5
20+,radiant,15,35,-6125.0,-1125.0,13
20+,radiant,15,36,-6125.0,-875.0,8
20+,radiant,15,37,-6125.0,-625.0,16
20+,radiant,15,38,-6125.0,-375.0,61
20+,radiant,15,39,-6125.0,-125.0,8
20+,radiant,15,40,-6125.0,125.0,16
20+,radiant,16,21,-5875.0,-4625.0,6
20+,radiant,16,24,-5875.0,-3875.0,1
20+,radiant,16,25,-5875.0,-3625.0,3
20+,radiant,16,26,-5875.0,-3375.0,8
20+,radiant,16,27,-5875.0,-3125.0,6
20+,radiant,16,28,-5875.0,-2875.0,6
20+,radiant,16,29,-5875.0,-2625.0,3
20+,radiant,16,30,-5875.0,-2375.0,4
20+,radiant,16,31,-5875.0,-2125.0,6
20+,radiant,16,32,-5875.0,-1875.0,8
20+,radiant,16,33,-5875.0,-1625.0,2
20+,radiant,16,34,-5875.0,-1375.0,7
20+,radiant,16,35,-5875.0,-1125.0,4
20+,radiant,16,36,-5875.0,-875.0,6
20+,radiant,16,37,-5875.0,-625.0,6
20+,radiant,16,38,-5875.0,-375.0,11
20+,radiant,16,39,-5875.0,-125.0,2
20+,radiant,16,40,-5875.0,125.0,15
20+,radiant,17,15,-5625.0,-6125.0,2
20+,radiant,17,17,-5625.0,-5625.0,2
20+,radiant,17,21,-5625.0,-4625.0,3
20+,radiant,17,22,-5625.0,-4375.0,2
20+,radiant,17,23,-5625.0,-4125.0,4
20+,radiant,17,24,-5625.0,-3875.0,2
20+,radiant,17,25,-5625.0,-3625.0,3
20+,radiant,17,26,-5625.0,-3375.0,2
20+,radiant,17,27,-5625.0,-3125.0,1
20+,radiant,17,28,-5625.0,-2875.0,1
20+,radiant,17,29,-5625.0,-2625.0,2
20+,radiant,17,31,-5625.0,-2125.0,1
20+,radiant,17,32,-5625.0,-1875.0,6
20+,radiant,17,33,-5625.0,-1625.0,1
20+,radiant,17,34,-5625.0,-1375.0,10
20+,radiant,17,35,-5625.0,-1125.0,5
20+,radiant,17,40,-5625.0,125.0,3
20+,radiant,18,15,-5375.0,-6125.0,1
20+,radiant,18,16,-5375.0,-5875.0,2
20+,radiant,18,18,-5375.0,-5375.0,4
20+,radiant,18,19,-5375.0,-5125.0,6
20+,radiant,18,20,-5375.0,-4875.0,12
20+,radiant,18,21,-5375.0,-4625.0,11
20+,radiant,18,22,-5375.0,-4375.0,5
20+,radiant,18,23,-5375.0,-4125.0,1
20+,radiant,18,27,-5375.0,-3125.0,1
20+,radiant,18,29,-5375.0,-2625.0,1
20+,radiant,18,31,-5375.0,-2125.0,1
20+,radiant,18,33,-5375.0,-1625.0,1
20+,radiant,18,34,-5375.0,-1375.0,6
20+,radiant,18,38,-5375.0,-375.0,1
20+,radiant,18,40,-5375.0,125.0,3
20+,radiant,19,17,-5125.0,-5625.0,4
20+,radiant,19,18,-5125.0,-5375.0,4
20+,radiant,19,19,-5125.0,-5125.0,3
20+,radiant,19,20,-5125.0,-4875.0,2
20+,radiant,19,21,-5125.0,-4625.0,7
20+,radiant,19,22,-5125.0,-4375.0,4
20+,radiant,19,23,-5125.0,-4125.0,3
20+,radiant,19,25,-5125.0,-3625.0,1
20+,radiant,19,26,-5125.0,-3375.0,1
20+,radiant,19,28,-5125.0,-2875.0,1
20+,radiant,19,29,-5125.0,-2625.0,1
20+,radiant,19,30,-5125.0,-2375.0,3
20+,radiant,19,31,-5125.0,-2125.0,3
20+,radiant,19,32,-5125.0,-1875.0,1
20+,radiant,19,33,-5125.0,-1625.0,2
20+,radiant,19,34,-5125.0,-1375.0,6
20+,radiant,19,35,-5125.0,-1125.0,20
20+,radiant,19,36,-5125.0,-875.0,15
20+,radiant,19,37,-5125.0,-625.0,1
20+,radiant,19,38,-5125.0,-375.0,2
20+,radiant,19,39,-5125.0,-125.0,2
20+,radiant,19,40,-5125.0,125.0,7
20+,radiant,20,15,-4875.0,-6125.0,3
20+,radiant,20,16,-4875.0,-5875.0,1
20+,radiant,20,17,-4875.0,-5625.0,4
20+,radiant,20,18,-4875.0,-5375.0,1
20+,radiant,20,19,-4875.0,-5125.0,6
20+,radiant,20,20,-4875.0,-4875.0,6
20+,radiant,20,21,-4875.0,-4625.0,3
20+,radiant,20,22,-4875.0,-4375.0,10
20+,radiant,20,25,-4875.0,-3625.0,5
20+,radiant,20,26,-4875.0,-3375.0,3
20+,radiant,20,31,-4875.0,-2125.0,1
20+,radiant,20,32,-4875.0,-1875.0,1
20+,radiant,20,34,-4875.0,-1375.0,3
20+,radiant,20,35,-4875.0,-1125.0,15
20+,radiant,20,36,-4875.0,-875.0,124
20+,radiant,20,37,-4875.0,-625.0,188
20+,radiant,20,38,-4875.0,-375.0,119
20+,radiant,20,39,-4875.0,-125.0,167
20+,radiant,20,40,-4875.0,125.0,5461
20+,radiant,21,14,-4625.0,-6375.0,1
20+,radiant,21,15,-4625.0,-6125.0,2
20+,radiant,21,16,-4625.0,-5875.0,1
20+,radiant,21,17,-4625.0,-5625.0,3
20+,radiant,21,18,-4625.0,-5375.0,2
20+,radiant,21,19,-4625.0,-5125.0,2
20+,radiant,21,21,-4625.0,-4625.0,3
20+,radiant,21,22,-4625.0,-4375.0,2
20+,radiant,21,23,-4625.0,-4125.0,6
20+,radiant,21,24,-4625.0,-3875.0,2
20+,radiant,21,25,-4625.0,-3625.0,4
20+,radiant,21,26,-4625.0,-3375.0,1
20+,radiant,21,28,-4625.0,-2875.0,1
20+,radiant,21,29,-4625.0,-2625.0,1
20+,radiant,21,31,-4625.0,-2125.0,1
20+,radiant,21,32,-4625.0,-1875.0,2
20+,radiant,21,34,-4625.0,-1375.0,5
20+,radiant,21,35,-4625.0,-1125.0,12
20+,radiant,21,36,-4625.0,-875.0,45
20+,radiant,21,37,-4625.0,-625.0,260
20+,radiant,21,38,-4625.0,-375.0,705
20+,radiant,21,39,-4625.0,-125.0,1627
20+,radiant,21,40,-4625.0,125.0,9664
20+,radiant,22,14,-4375.0,-6375.0,1
20+,radiant,22,15,-4375.0,-6125.0,5
20+,radiant,22,16,-4375.0,-5875.0,3
20+,radiant,22,17,-4375.0,-5625.0,2
20+,radiant,22,18,-4375.0,-5375.0,1
20+,radiant,22,19,-4375.0,-5125.0,1
20+,radiant,22,21,-4375.0,-4625.0,6
20+,radiant,22,23,-4375.0,-4125.0,14
20+,radiant,22,24,-4375.0,-3875.0,4
20+,radiant,22,25,-4375.0,-3625.0,4
20+,radiant,22,26,-4375.0,-3375.0,3
20+,radiant,22,28,-4375.0,-2875.0,1
20+,radiant,22,29,-4375.0,-2625.0,3
20+,radiant,22,32,-4375.0,-1875.0,1
20+,radiant,22,34,-4375.0,-1375.0,1
20+,radiant,22,35,-4375.0,-1125.0,2
20+,radiant,22,37,-4375.0,-625.0,1
20+,radiant,22,38,-4375.0,-375.0,97
20+,radiant,22,39,-4375.0,-125.0,618
20+,radiant,22,40,-4375.0,125.0,1449
20+,radiant,23,13,-4125.0,-6625.0,1
20+,radiant,23,14,-4125.0,-6375.0,1
20+,radiant,23,16,-4125.0,-5875.0,2
20+,radiant,23,17,-4125.0,-5625.0,5
20+,radiant,23,18,-4125.0,-5375.0,1
20+,radiant,23,19,-4125.0,-5125.0,2
20+,radiant,23,20,-4125.0,-4875.0,1
20+,radiant,23,22,-4125.0,-4375.0,7
20+,radiant,23,23,-4125.0,-4125.0,15
20+,radiant,23,24,-4125.0,-3875.0,30
20+,radiant,23,25,-4125.0,-3625.0,26
20+,radiant,23,26,-4125.0,-3375.0,6
20+,radiant,23,27,-4125.0,-3125.0,4
20+,radiant,23,28,-4125.0,-2875.0,2
20+,radiant,23,29,-4125.0,-2625.0,4
20+,radiant,23,30,-4125.0,-2375.0,2
20+,radiant,23,31,-4125.0,-2125.0,1
20+,radiant,23,32,-4125.0,-1875.0,4
20+,radiant,23,33,-4125.0,-1625.0,6
20+,radiant,23,34,-4125.0,-1375.0,1
20+,radiant,23,36,-4125.0,-875.0,1
20+,radiant,23,37,-4125.0,-625.0,4
20+,radiant,23,38,-4125.0,-375.0,24
20+,radiant,23,39,-4125.0,-125.0,174
20+,radiant,23,40,-4125.0,125.0,320
20+,radiant,24,13,-3875.0,-6625.0,1
20+,radiant,24,15,-3875.0,-6125.0,11
20+,radiant,24,16,-3875.0,-5875.0,19
20+,radiant,24,17,-3875.0,-5625.0,11
20+,radiant,24,18,-3875.0,-5375.0,2
20+,radiant,24,19,-3875.0,-5125.0,1
20+,radiant,24,20,-3875.0,-4875.0,1
20+,radiant,24,22,-3875.0,-4375.0,1
20+,radiant,24,23,-3875.0,-4125.0,2
20+,radiant,24,24,-3875.0,-3875.0,3
20+,radiant,24,25,-3875.0,-3625.0,14
20+,radiant,24,26,-3875.0,-3375.0,15
20+,radiant,24,27,-3875.0,-3125.0,6
20+,radiant,24,28,-3875.0,-2875.0,2
20+,radiant,24,29,-3875.0,-2625.0,2
20+,radiant,24,32,-3875.0,-1875.0,1
20+,radiant,24,33,-3875.0,-1625.0,1
20+,radiant,24,34,-3875.0,-1375.0,2
20+,radiant,24,35,-3875.0,-1125.0,2
20+,radiant,24,37,-3875.0,-625.0,5
20+,radiant,24,38,-3875.0,-375.0,49
20+,radiant,24,39,-3875.0,-125.0,27
20+,radiant,24,40,-3875.0,125.0,73
20+,radiant,25,15,-3625.0,-6125.0,10
20+,radiant,25,16,-3625.0,-5875.0,17
20+,radiant,25,17,-3625.0,-5625.0,14
20+,radiant,25,18,-3625.0,-5375.0,6
20+,radiant,25,25,-3625.0,-3625.0,1
20+,radiant,25,26,-3625.0,-3375.0,7
20+,radiant,25,27,-3625.0,-3125.0,9
20+,radiant,25,28,-3625.0,-2875.0,4
20+,radiant,25,29,-3625.0,-2625.0,2
20+,radiant,25,30,-3625.0,-2375.0,1
20+,radiant,25,31,-3625.0,-2125.0,5
20+,radiant,25,32,-3625.0,-1875.0,1
20+,radiant,25,34,-3625.0,-1375.0,3
20+,radiant,25,35,-3625.0,-1125.0,3
20+,radiant,25,36,-3625.0,-875.0,2
20+,radiant,25,37,-3625.0,-625.0,6
20+,radiant,25,38,-3625.0,-375.0,26
20+,radiant,25,39,-3625.0,-125.0,24
20+,radiant,25,40,-3625.0,125.0,68
20+,radiant,26,13,-3375.0,-6625.0,3
20+,radiant,26,15,-3375.0,-6125.0,14
20+,radiant,26,16,-3375.0,-5875.0,80
20+,radiant,26,17,-3375.0,-5625.0,14
20+,radiant,26,18,-3375.0,-5375.0,2
20+,radiant,26,19,-3375.0,-5125.0,1
20+,radiant,26,24,-3375.0,-3875.0,2
20+,radiant,26,26,-3375.0,-3375.0,4
20+,radiant,26,27,-3375.0,-3125.0,11
20+,radiant,26,28,-3375.0,-2875.0,12
20+,radiant,26,29,-3375.0,-2625.0,3
20+,radiant,26,30,-3375.0,-2375.0,3
20+,radiant,26,32,-3375.0,-1875.0,6
20+,radiant,26,34,-3375.0,-1375.0,1
20+,radiant,26,35,-3375.0,-1125.0,1
20+,radiant,26,36,-3375.0,-875.0,6
20+,radiant,26,37,-3375.0,-625.0,11
20+,radiant,26,38,-3375.0,-375.0,2
20+,radiant,26,39,-3375.0,-125.0,10
20+,radiant,26,40,-3375.0,125.0,39
20+,radiant,27,7,-3125.0,-8125.0,1
20+,radiant,27,10,-3125.0,-7375.0,24
20+,radiant,27,11,-3125.0,-7125.0,12
20+,radiant,27,14,-3125.0,-6375.0,3
20+,radiant,27,15,-3125.0,-6125.0,5
20+,radiant,27,16,-3125.0,-5875.0,17
20+,radiant,27,17,-3125.0,-5625.0,10
20+,radiant,27,18,-3125.0,-5375.0,5
20+,radiant,27,19,-3125.0,-5125.0,1
20+,radiant,27,24,-3125.0,-3875.0,5
20+,radiant,27,25,-3125.0,-3625.0,2
20+,radiant,27,26,-3125.0,-3375.0,5
20+,radiant,27,27,-3125.0,-3125.0,3
20+,radiant,27,28,-3125.0,-2875.0,11
20+,radiant,27,29,-3125.0,-2625.0,15
20+,radiant,27,30,-3125.0,-2375.0,10
20+,radiant,27,32,-3125.0,-1875.0,5
20+,radiant,27,35,-3125.0,-1125.0,1
20+,radiant,27,36,-3125.0,-875.0,2
20+,radiant,27,37,-3125.0,-625.0,6
20+,radiant,27,38,-3125.0,-375.0,4
20+,radiant,27,39,-3125.0,-125.0,10
20+,radiant,27,40,-3125.0,125.0,27
20+,radiant,28,4,-2875.0,-8875.0,2
20+,radiant,28,5,-2875.0,-8625.0,1
20+,radiant,28,8,-2875.0,-7875.0,1
20+,radiant,28,9,-2875.0,-7625.0,1
20+,radiant,28,10,-2875.0,-7375.0,134
20+,radiant,28,11,-2875.0,-7125.0,5
20+,radiant,28,12,-2875.0,-6875.0,1
20+,radiant,28,15,-2875.0,-6125.0,10
20+,radiant,28,16,-2875.0,-5875.0,8
20+,radiant,28,17,-2875.0,-5625.0,8
20+,radiant,28,18,-2875.0,-5375.0,2
20+,radiant,28,20,-2875.0,-4875.0,2
20+,radiant,28,21,-2875.0,-4625.0,5
20+,radiant,28,22,-2875.0,-4375.0,2
20+,radiant,28,23,-2875.0,-4125.0,1
20+,radiant,28,24,-2875.0,-3875.0,4
20+,radiant,28,25,-2875.0,-3625.0,4
20+,radiant,28,27,-2875.0,-3125.0,3
20+,radiant,28,28,-2875.0,-2875.0,12
20+,radiant,28,29,-2875.0,-2625.0,23
20+,radiant,28,30,-2875.0,-2375.0,35
20+,radiant,28,31,-2875.0,-2125.0,6
20+,radiant,28,32,-2875.0,-1875.0,7
20+,radiant,28,33,-2875.0,-1625.0,3
20+,radiant,28,34,-2875.0,-1375.0,4
20+,radiant,28,35,-2875.0,-1125.0,5
20+,radiant,28,36,-2875.0,-875.0,2
20+,radiant,28,38,-2875.0,-375.0,1
20+,radiant,28,39,-2875.0,-125.0,2
20+,radiant,28,40,-2875.0,125.0,20
20+,radiant,29,4,-2625.0,-8875.0,1
20+,radiant,29,5,-2625.0,-8625.0,1
20+,radiant,29,8,-2625.0,-7875.0,7
20+,radiant,29,9,-2625.0,-7625.0,323
20+,radiant,29,10,-2625.0,-7375.0,124
20+,radiant,29,11,-2625.0,-7125.0,6
20+,radiant,29,12,-2625.0,-6875.0,9
20+,radiant,29,13,-2625.0,-6625.0,5
20+,radiant,29,15,-2625.0,-6125.0,21
20+,radiant,29,16,-2625.0,-5875.0,16
20+,radiant,29,17,-2625.0,-5625.0,3
20+,radiant,29,18,-2625.0,-5375.0,2
20+,radiant,29,19,-2625.0,-5125.0,6
20+,radiant,29,20,-2625.0,-4875.0,17
20+,radiant,29,21,-2625.0,-4625.0,10
20+,radiant,29,22,-2625.0,-4375.0,6
20+,radiant,29,23,-2625.0,-4125.0,3
20+,radiant,29,24,-2625.0,-3875.0,9
20+,radiant,29,26,-2625.0,-3375.0,1
20+,radiant,29,27,-2625.0,-3125.0,1
20+,radiant,29,28,-2625.0,-2875.0,2
20+,radiant,29,29,-2625.0,-2625.0,36
20+,radiant,29,30,-2625.0,-2375.0,17
20+,radiant,29,31,-2625.0,-2125.0,20
20+,radiant,29,32,-2625.0,-1875.0,8
20+,radiant,29,33,-2625.0,-1625.0,3
20+,radiant,29,34,-2625.0,-1375.0,4
20+,radiant,29,35,-2625.0,-1125.0,5
20+,radiant,29,39,-2625.0,-125.0,9
20+,radiant,29,40,-2625.0,125.0,11
20+,radiant,30,5,-2375.0,-8625.0,1
20+,radiant,30,6,-2375.0,-8375.0,15
20+,radiant,30,7,-2375.0,-8125.0,332
20+,radiant,30,8,-2375.0,-7875.0,850
20+,radiant,30,9,-2375.0,-7625.0,816
20+,radiant,30,10,-2375.0,-7375.0,54
20+,radiant,30,11,-2375.0,-7125.0,30
20+,radiant,30,12,-2375.0,-6875.0,2
20+,radiant,30,14,-2375.0,-6375.0,1
20+,radiant,30,15,-2375.0,-6125.0,22
20+,radiant,30,16,-2375.0,-5875.0,20
20+,radiant,30,17,-2375.0,-5625.0,4
20+,radiant,30,18,-2375.0,-5375.0,5
20+,radiant,30,19,-2375.0,-5125.0,16
20+,radiant,30,20,-2375.0,-4875.0,32
20+,radiant,30,21,-2375.0,-4625.0,43
20+,radiant,30,22,-2375.0,-4375.0,16
20+,radiant,30,23,-2375.0,-4125.0,22
20+,radiant,30,24,-2375.0,-3875.0,6
20+,radiant,30,25,-2375.0,-3625.0,2
20+,radiant,30,26,-2375.0,-3375.0,8
20+,radiant,30,27,-2375.0,-3125.0,1
20+,radiant,30,28,-2375.0,-2875.0,2
20+,radiant,30,29,-2375.0,-2625.0,1
20+,radiant,30,30,-2375.0,-2375.0,4
20+,radiant,30,31,-2375.0,-2125.0,26
20+,radiant,30,32,-2375.0,-1875.0,37
20+,radiant,30,33,-2375.0,-1625.0,12
20+,radiant,30,34,-2375.0,-1375.0,12
20+,radiant,30,35,-2375.0,-1125.0,5
20+,radiant,30,36,-2375.0,-875.0,5
20+,radiant,30,38,-2375.0,-375.0,1
20+,radiant,30,39,-2375.0,-125.0,5
20+,radiant,30,40,-2375.0,125.0,6
20+,radiant,31,5,-2125.0,-8625.0,3
20+,radiant,31,6,-2125.0,-8375.0,60
20+,radiant,31,7,-2125.0,-8125.0,7966
20+,radiant,31,8,-2125.0,-7875.0,3239
20+,radiant,31,9,-2125.0,-7625.0,1124
20+,radiant,31,10,-2125.0,-7375.0,162
20+,radiant,31,11,-2125.0,-7125.0,4
20+,radiant,31,12,-2125.0,-6875.0,1
20+,radiant,31,14,-2125.0,-6375.0,3
20+,radiant,31,15,-2125.0,-6125.0,13
20+,radiant,31,16,-2125.0,-5875.0,23
20+,radiant,31,17,-2125.0,-5625.0,8
20+,radiant,31,18,-2125.0,-5375.0,15
20+,radiant,31,19,-2125.0,-5125.0,41
20+,radiant,31,20,-2125.0,-4875.0,46
20+,radiant,31,21,-2125.0,-4625.0,123
20+,radiant,31,22,-2125.0,-4375.0,81
20+,radiant,31,23,-2125.0,-4125.0,39
20+,radiant,31,24,-2125.0,-3875.0,9
20+,radiant,31,25,-2125.0,-3625.0,32
20+,radiant,31,26,-2125.0,-3375.0,61
20+,radiant,31,27,-2125.0,-3125.0,11
20+,radiant,31,28,-2125.0,-2875.0,9
20+,radiant,31,29,-2125.0,-2625.0,8
20+,radiant,31,30,-2125.0,-2375.0,6
20+,radiant,31,31,-2125.0,-2125.0,18
20+,radiant,31,32,-2125.0,-1875.0,32
20+,radiant,31,33,-2125.0,-1625.0,24
20+,radiant,31,34,-2125.0,-1375.0,13
20+,radiant,31,35,-2125.0,-1125.0,5
20+,radiant,31,36,-2125.0,-875.0,2
20+,radiant,31,37,-2125.0,-625.0,2
20+,radiant,31,38,-2125.0,-375.0,2
20+,radiant,31,39,-2125.0,-125.0,3
20+,radiant,31,40,-2125.0,125.0,4
20+,radiant,32,3,-1875.0,-9125.0,1
20+,radiant,32,4,-1875.0,-8875.0,1
20+,radiant,32,6,-1875.0,-8375.0,3
20+,radiant,32,7,-1875.0,-8125.0,1078
20+,radiant,32,8,-1875.0,-7875.0,1796
20+,radiant,32,9,-1875.0,-7625.0,350
20+,radiant,32,10,-1875.0,-7375.0,90
20+,radiant,32,11,-1875.0,-7125.0,1
20+,radiant,32,14,-1875.0,-6375.0,4
20+,radiant,32,15,-1875.0,-6125.0,18
20+,radiant,32,16,-1875.0,-5875.0,21
20+,radiant,32,17,-1875.0,-5625.0,1
20+,radiant,32,18,-1875.0,-5375.0,24
20+,radiant,32,19,-1875.0,-5125.0,143
20+,radiant,32,20,-1875.0,-4875.0,175
20+,radiant,32,21,-1875.0,-4625.0,2783
20+,radiant,32,22,-1875.0,-4375.0,577
20+,radiant,32,23,-1875.0,-4125.0,52
20+,radiant,32,24,-1875.0,-3875.0,37
20+,radiant,32,25,-1875.0,-3625.0,102
20+,radiant,32,26,-1875.0,-3375.0,290
20+,radiant,32,27,-1875.0,-3125.0,101
20+,radiant,32,28,-1875.0,-2875.0,69
20+,radiant,32,29,-1875.0,-2625.0,21
20+,radiant,32,31,-1875.0,-2125.0,2
20+,radiant,32,32,-1875.0,-1875.0,21
20+,radiant,32,33,-1875.0,-1625.0,52
20+,radiant,32,34,-1875.0,-1375.0,21
20+,radiant,32,35,-1875.0,-1125.0,13
20+,radiant,32,36,-1875.0,-875.0,5
20+,radiant,32,37,-1875.0,-625.0,2
20+,radiant,32,38,-1875.0,-375.0,2
20+,radiant,32,39,-1875.0,-125.0,4
20+,radiant,32,40,-1875.0,125.0,5
20+,radiant,33,4,-1625.0,-8875.0,1
20+,radiant,33,5,-1625.0,-8625.0,1
20+,radiant,33,6,-1625.0,-8375.0,12
20+,radiant,33,7,-1625.0,-8125.0,398
20+,radiant,33,8,-1625.0,-7875.0,547
20+,radiant,33,9,-1625.0,-7625.0,521
20+,radiant,33,10,-1625.0,-7375.0,64
20+,radiant,33,11,-1625.0,-7125.0,5
20+,radiant,33,14,-1625.0,-6375.0,2
20+,radiant,33,15,-1625.0,-6125.0,15
20+,radiant,33,16,-1625.0,-5875.0,18
20+,radiant,33,17,-1625.0,-5625.0,9
20+,radiant,33,18,-1625.0,-5375.0,13
20+,radiant,33,19,-1625.0,-5125.0,280
20+,radiant,33,20,-1625.0,-4875.0,538
20+,radiant,33,21,-1625.0,-4625.0,9980
20+,radiant,33,22,-1625.0,-4375.0,6238
20+,radiant,33,23,-1625.0,-4125.0,885
20+,radiant,33,24,-1625.0,-3875.0,511
20+,radiant,33,25,-1625.0,-3625.0,371
20+,radiant,33,26,-1625.0,-3375.0,1221
20+,radiant,33,27,-1625.0,-3125.0,799
20+,radiant,33,28,-1625.0,-2875.0,121
20+,radiant,33,29,-1625.0,-2625.0,20
20+,radiant,33,30,-1625.0,-2375.0,8
20+,radiant,33,31,-1625.0,-2125.0,7
20+,radiant,33,32,-1625.0,-1875.0,4
20+,radiant,33,33,-1625.0,-1625.0,23
20+,radiant,33,34,-1625.0,-1375.0,25
20+,radiant,33,35,-1625.0,-1125.0,31
20+,radiant,33,36,-1625.0,-875.0,4
20+,radiant,33,38,-1625.0,-375.0,1
20+,radiant,33,39,-1625.0,-125.0,1
20+,radiant,33,40,-1625.0,125.0,3
20+,radiant,34,6,-1375.0,-8375.0,3
20+,radiant,34,7,-1375.0,-8125.0,130
20+,radiant,34,8,-1375.0,-7875.0,197
20+,radiant,34,9,-1375.0,-7625.0,618
20+,radiant,34,10,-1375.0,-7375.0,132
20+,radiant,34,11,-1375.0,-7125.0,21
20+,radiant,34,12,-1375.0,-6875.0,1
20+,radiant,34,13,-1375.0,-6625.0,1
20+,radiant,34,14,-1375.0,-6375.0,2
20+,radiant,34,15,-1375.0,-6125.0,13
20+,radiant,34,16,-1375.0,-5875.0,2
20+,radiant,34,17,-1375.0,-5625.0,7
20+,radiant,34,18,-1375.0,-5375.0,33
20+,radiant,34,19,-1375.0,-5125.0,144
20+,radiant,34,20,-1375.0,-4875.0,829
20+,radiant,34,21,-1375.0,-4625.0,1784
20+,radiant,34,22,-1375.0,-4375.0,3281
20+,radiant,34,23,-1375.0,-4125.0,3593
20+,radiant,34,24,-1375.0,-3875.0,2571
20+,radiant,34,25,-1375.0,-3625.0,2986
20+,radiant,34,26,-1375.0,-3375.0,3719
20+,radiant,34,27,-1375.0,-3125.0,4139
20+,radiant,34,28,-1375.0,-2875.0,148
20+,radiant,34,29,-1375.0,-2625.0,31
20+,radiant,34,30,-1375.0,-2375.0,7
20+,radiant,34,31,-1375.0,-2125.0,4
20+,radiant,34,32,-1375.0,-1875.0,5
20+,radiant,34,33,-1375.0,-1625.0,11
20+,radiant,34,34,-1375.0,-1375.0,23
20+,radiant,34,35,-1375.0,-1125.0,44
20+,radiant,34,36,-1375.0,-875.0,37
20+,radiant,34,37,-1375.0,-625.0,8
20+,radiant,34,38,-1375.0,-375.0,7
20+,radiant,34,39,-1375.0,-125.0,4
20+,radiant,34,40,-1375.0,125.0,3
20+,radiant,35,7,-1125.0,-8125.0,66
20+,radiant,35,8,-1125.0,-7875.0,138
20+,radiant,35,9,-1125.0,-7625.0,881
20+,radiant,35,10,-1125.0,-7375.0,330
20+,radiant,35,11,-1125.0,-7125.0,60
20+,radiant,35,12,-1125.0,-6875.0,8
20+,radiant,35,13,-1125.0,-6625.0,1
20+,radiant,35,14,-1125.0,-6375.0,1
20+,radiant,35,15,-1125.0,-6125.0,18
20+,radiant,35,16,-1125.0,-5875.0,14
20+,radiant,35,18,-1125.0,-5375.0,7
20+,radiant,35,19,-1125.0,-5125.0,73
20+,radiant,35,20,-1125.0,-4875.0,150
20+,radiant,35,21,-1125.0,-4625.0,468
20+,radiant,35,22,-1125.0,-4375.0,456
20+,radiant,35,23,-1125.0,-4125.0,25
20+,radiant,35,24,-1125.0,-3875.0,137
20+,radiant,35,25,-1125.0,-3625.0,903
20+,radiant,35,26,-1125.0,-3375.0,3002
20+,radiant,35,27,-1125.0,-3125.0,9181
20+,radiant,35,28,-1125.0,-2875.0,183
20+,radiant,35,29,-1125.0,-2625.0,60
20+,radiant,35,30,-1125.0,-2375.0,14
20+,radiant,35,31,-1125.0,-2125.0,2
20+,radiant,35,32,-1125.0,-1875.0,3
20+,radiant,35,33,-1125.0,-1625.0,5
20+,radiant,35,34,-1125.0,-1375.0,19
20+,radiant,35,35,-1125.0,-1125.0,37
20+,radiant,35,36,-1125.0,-875.0,31
20+,radiant,35,37,-1125.0,-625.0,15
20+,radiant,35,38,-1125.0,-375.0,7
20+,radiant,35,39,-1125.0,-125.0,4
20+,radiant,35,40,-1125.0,125.0,1
20+,radiant,36,6,-875.0,-8375.0,1
20+,radiant,36,7,-875.0,-8125.0,15
20+,radiant,36,8,-875.0,-7875.0,234
20+,radiant,36,9,-875.0,-7625.0,1859
20+,radiant,36,10,-875.0,-7375.0,543
20+,radiant,36,11,-875.0,-7125.0,48
20+,radiant,36,12,-875.0,-6875.0,5
20+,radiant,36,13,-875.0,-6625.0,3
20+,radiant,36,14,-875.0,-6375.0,1
20+,radiant,36,15,-875.0,-6125.0,13
20+,radiant,36,16,-875.0,-5875.0,4
20+,radiant,36,17,-875.0,-5625.0,1
20+,radiant,36,18,-875.0,-5375.0,3
20+,radiant,36,19,-875.0,-5125.0,12
20+,radiant,36,20,-875.0,-4875.0,20
20+,radiant,36,21,-875.0,-4625.0,120
20+,radiant,36,22,-875.0,-4375.0,110
20+,radiant,36,24,-875.0,-3875.0,22
20+,radiant,36,25,-875.0,-3625.0,245
20+,radiant,36,26,-875.0,-3375.0,929
20+,radiant,36,27,-875.0,-3125.0,307
20+,radiant,36,28,-875.0,-2875.0,146
20+,radiant,36,29,-875.0,-2625.0,52
20+,radiant,36,30,-875.0,-2375.0,12
20+,radiant,36,31,-875.0,-2125.0,6
20+,radiant,36,32,-875.0,-1875.0,7
20+,radiant,36,33,-875.0,-1625.0,3
20+,radiant,36,34,-875.0,-1375.0,2
20+,radiant,36,35,-875.0,-1125.0,12
20+,radiant,36,36,-875.0,-875.0,27
20+,radiant,36,37,-875.0,-625.0,39
20+,radiant,36,38,-875.0,-375.0,11
20+,radiant,36,39,-875.0,-125.0,1
20+,radiant,37,7,-625.0,-8125.0,16
20+,radiant,37,8,-625.0,-7875.0,181
20+,radiant,37,9,-625.0,-7625.0,2391
20+,radiant,37,10,-625.0,-7375.0,4125
20+,radiant,37,11,-625.0,-7125.0,48
20+,radiant,37,12,-625.0,-6875.0,9
20+,radiant,37,13,-625.0,-6625.0,4
20+,radiant,37,15,-625.0,-6125.0,17
20+,radiant,37,16,-625.0,-5875.0,15
20+,radiant,37,17,-625.0,-5625.0,7
20+,radiant,37,18,-625.0,-5375.0,9
20+,radiant,37,19,-625.0,-5125.0,14
20+,radiant,37,20,-625.0,-4875.0,30
20+,radiant,37,21,-625.0,-4625.0,38
20+,radiant,37,22,-625.0,-4375.0,19
20+,radiant,37,23,-625.0,-4125.0,4
20+,radiant,37,24,-625.0,-3875.0,44
20+,radiant,37,25,-625.0,-3625.0,116
20+,radiant,37,26,-625.0,-3375.0,159
20+,radiant,37,27,-625.0,-3125.0,129
20+,radiant,37,28,-625.0,-2875.0,52
20+,radiant,37,29,-625.0,-2625.0,14
20+,radiant,37,30,-625.0,-2375.0,5
20+,radiant,37,31,-625.0,-2125.0,4
20+,radiant,37,32,-625.0,-1875.0,4
20+,radiant,37,35,-625.0,-1125.0,4
20+,radiant,37,36,-625.0,-875.0,5
20+,radiant,37,37,-625.0,-625.0,38
20+,radiant,37,38,-625.0,-375.0,50
20+,radiant,37,39,-625.0,-125.0,10
20+,radiant,37,40,-625.0,125.0,4
20+,radiant,38,7,-375.0,-8125.0,5
20+,radiant,38,8,-375.0,-7875.0,156
20+,radiant,38,9,-375.0,-7625.0,2152
20+,radiant,38,10,-375.0,-7375.0,4505
20+,radiant,38,11,-375.0,-7125.0,76
20+,radiant,38,12,-375.0,-6875.0,20
20+,radiant,38,13,-375.0,-6625.0,2
20+,radiant,38,14,-375.0,-6375.0,5
20+,radiant,38,15,-375.0,-6125.0,14
20+,radiant,38,16,-375.0,-5875.0,25
20+,radiant,38,17,-375.0,-5625.0,6
20+,radiant,38,18,-375.0,-5375.0,5
20+,radiant,38,19,-375.0,-5125.0,13
20+,radiant,38,20,-375.0,-4875.0,85
20+,radiant,38,21,-375.0,-4625.0,180
20+,radiant,38,22,-375.0,-4375.0,23
20+,radiant,38,23,-375.0,-4125.0,14
20+,radiant,38,24,-375.0,-3875.0,16
20+,radiant,38,25,-375.0,-3625.0,29
20+,radiant,38,26,-375.0,-3375.0,42
20+,radiant,38,27,-375.0,-3125.0,20
20+,radiant,38,28,-375.0,-2875.0,8
20+,radiant,38,29,-375.0,-2625.0,5
20+,radiant,38,30,-375.0,-2375.0,6
20+,radiant,38,31,-375.0,-2125.0,5
20+,radiant,38,32,-375.0,-1875.0,1
20+,radiant,38,33,-375.0,-1625.0,1
20+,radiant,38,34,-375.0,-1375.0,3
20+,radiant,38,35,-375.0,-1125.0,6
20+,radiant,38,36,-375.0,-875.0,11
20+,radiant,38,37,-375.0,-625.0,12
20+,radiant,38,38,-375.0,-375.0,34
20+,radiant,38,39,-375.0,-125.0,37
20+,radiant,38,40,-375.0,125.0,10
20+,radiant,39,6,-125.0,-8375.0,1
20+,radiant,39,8,-125.0,-7875.0,124
20+,radiant,39,9,-125.0,-7625.0,798
20+,radiant,39,10,-125.0,-7375.0,415
20+,radiant,39,11,-125.0,-7125.0,33
20+,radiant,39,12,-125.0,-6875.0,6
20+,radiant,39,13,-125.0,-6625.0,2
20+,radiant,39,14,-125.0,-6375.0,9
20+,radiant,39,15,-125.0,-6125.0,12
20+,radiant,39,16,-125.0,-5875.0,10
20+,radiant,39,17,-125.0,-5625.0,1
20+,radiant,39,19,-125.0,-5125.0,4
20+,radiant,39,20,-125.0,-4875.0,98
20+,radiant,39,21,-125.0,-4625.0,585
20+,radiant,39,22,-125.0,-4375.0,133
20+,radiant,39,23,-125.0,-4125.0,27
20+,radiant,39,24,-125.0,-3875.0,2
20+,radiant,39,25,-125.0,-3625.0,2
20+,radiant,39,26,-125.0,-3375.0,10
20+,radiant,39,27,-125.0,-3125.0,11
20+,radiant,39,28,-125.0,-2875.0,3
20+,radiant,39,31,-125.0,-2125.0,2
20+,radiant,39,32,-125.0,-1875.0,1
20+,radiant,39,33,-125.0,-1625.0,2
20+,radiant,39,34,-125.0,-1375.0,4
20+,radiant,39,35,-125.0,-1125.0,4
20+,radiant,39,38,-125.0,-375.0,9
20+,radiant,39,39,-125.0,-125.0,57
20+,radiant,39,40,-125.0,125.0,44
20+,radiant,40,7,125.0,-8125.0,3
20+,radiant,40,8,125.0,-7875.0,37
20+,radiant,40,9,125.0,-7625.0,296
20+,radiant,40,10,125.0,-7375.0,81
20+,radiant,40,11,125.0,-7125.0,49
20+,radiant,40,12,125.0,-6875.0,17
20+,radiant,40,13,125.0,-6625.0,1
20+,radiant,40,14,125.0,-6375.0,3
20+,radiant,40,15,125.0,-6125.0,66
20+,radiant,40,16,125.0,-5875.0,34
20+,radiant,40,17,125.0,-5625.0,1
20+,radiant,40,18,125.0,-5375.0,1
20+,radiant,40,19,125.0,-5125.0,1
20+,radiant,40,20,125.0,-4875.0,418
20+,radiant,40,21,125.0,-4625.0,1481
20+,radiant,40,22,125.0,-4375.0,229
20+,radiant,40,23,125.0,-4125.0,24
20+,radiant,40,26,125.0,-3375.0,4
20+,radiant,40,27,125.0,-3125.0,2
20+,radiant,40,30,125.0,-2375.0,1
20+,radiant,40,31,125.0,-2125.0,1
20+,radiant,40,32,125.0,-1875.0,1
20+,radiant,40,33,125.0,-1625.0,4
20+,radiant,40,34,125.0,-1375.0,2
20+,radiant,40,35,125.0,-1125.0,3
20+,radiant,40,37,125.0,-625.0,1
20+,radiant,40,38,125.0,-375.0,4
20+,radiant,40,39,125.0,-125.0,21
20+,radiant,40,40,125.0,125.0,55
20+,dire,40,40,125.0,125.0,35
20+,dire,40,41,125.0,375.0,16
20+,dire,40,42,125.0,625.0,8
20+,dire,40,43,125.0,875.0,8
20+,dire,40,44,125.0,1125.0,2
20+,dire,40,45,125.0,1375.0,3
20+,dire,40,46,125.0,1625.0,4
20+,dire,40,47,125.0,1875.0,6
20+,dire,40,48,125.0,2125.0,8
20+,dire,40,49,125.0,2375.0,3
20+,dire,40,50,125.0,2625.0,4
20+,dire,40,51,125.0,2875.0,4
20+,dire,40,52,125.0,3125.0,13
20+,dire,40,53,125.0,3375.0,1
20+,dire,40,54,125.0,3625.0,1
20+,dire,40,55,125.0,3875.0,1
20+,dire,40,56,125.0,4125.0,26
20+,dire,40,57,125.0,4375.0,27
20+,dire,40,58,125.0,4625.0,42
20+,dire,40,59,125.0,4875.0,29
20+,dire,40,60,125.0,5125.0,9
20+,dire,40,61,125.0,5375.0,8
20+,dire,40,62,125.0,5625.0,10
20+,dire,40,63,125.0,5875.0,23
20+,dire,40,64,125.0,6125.0,10
20+,dire,40,67,125.0,6875.0,34
20+,dire,40,68,125.0,7125.0,271
20+,dire,40,69,125.0,7375.0,824
20+,dire,40,70,125.0,7625.0,1589
20+,dire,40,71,125.0,7875.0,326
20+,dire,40,72,125.0,8125.0,1213
20+,dire,40,73,125.0,8375.0,822
20+,dire,41,40,375.0,125.0,21
20+,dire,41,41,375.0,375.0,71
20+,dire,41,42,375.0,625.0,26
20+,dire,41,43,375.0,875.0,27
20+,dire,41,44,375.0,1125.0,3
20+,dire,41,45,375.0,1375.0,5
20+,dire,41,46,375.0,1625.0,5
20+,dire,41,47,375.0,1875.0,1
20+,dire,41,48,375.0,2125.0,13
20+,dire,41,49,375.0,2375.0,57
20+,dire,41,50,375.0,2625.0,21
20+,dire,41,51,375.0,2875.0,43
20+,dire,41,52,375.0,3125.0,52
20+,dire,41,53,375.0,3375.0,22
20+,dire,41,54,375.0,3625.0,12
20+,dire,41,55,375.0,3875.0,26
20+,dire,41,56,375.0,4125.0,94
20+,dire,41,57,375.0,4375.0,56
20+,dire,41,58,375.0,4625.0,26
20+,dire,41,59,375.0,4875.0,12
20+,dire,41,60,375.0,5125.0,4
20+,dire,41,61,375.0,5375.0,3
20+,dire,41,62,375.0,5625.0,2
20+,dire,41,63,375.0,5875.0,6
20+,dire,41,64,375.0,6125.0,5
20+,dire,41,65,375.0,6375.0,4
20+,dire,41,67,375.0,6875.0,10
20+,dire,41,68,375.0,7125.0,232
20+,dire,41,69,375.0,7375.0,1610
20+,dire,41,70,375.0,7625.0,7173
20+,dire,41,71,375.0,7875.0,659
20+,dire,41,72,375.0,8125.0,362
20+,dire,41,73,375.0,8375.0,65
20+,dire,41,74,375.0,8625.0,1
20+,dire,42,40,625.0,125.0,24
20+,dire,42,41,625.0,375.0,47
20+,dire,42,42,625.0,625.0,21
20+,dire,42,43,625.0,875.0,9
20+,dire,42,44,625.0,1125.0,2
20+,dire,42,45,625.0,1375.0,4
20+,dire,42,46,625.0,1625.0,3
20+,dire,42,47,625.0,1875.0,12
20+,dire,42,48,625.0,2125.0,26
20+,dire,42,49,625.0,2375.0,100
20+,dire,42,50,625.0,2625.0,303
20+,dire,42,51,625.0,2875.0,431
20+,dire,42,52,625.0,3125.0,202
20+,dire,42,53,625.0,3375.0,105
20+,dire,42,54,625.0,3625.0,143
20+,dire,42,55,625.0,3875.0,282
20+,dire,42,56,625.0,4125.0,351
20+,dire,42,57,625.0,4375.0,185
20+,dire,42,58,625.0,4625.0,64
20+,dire,42,59,625.0,4875.0,9
20+,dire,42,60,625.0,5125.0,14
20+,dire,42,61,625.0,5375.0,2
20+,dire,42,62,625.0,5625.0,11
20+,dire,42,63,625.0,5875.0,6
20+,dire,42,64,625.0,6125.0,4
20+,dire,42,65,625.0,6375.0,2
20+,dire,42,66,625.0,6625.0,2
20+,dire,42,67,625.0,6875.0,38
20+,dire,42,68,625.0,7125.0,186
20+,dire,42,69,625.0,7375.0,1788
20+,dire,42,70,625.0,7625.0,630
20+,dire,42,71,625.0,7875.0,154
20+,dire,42,72,625.0,8125.0,161
20+,dire,42,73,625.0,8375.0,2
20+,dire,43,40,875.0,125.0,5
20+,dire,43,41,875.0,375.0,25
20+,dire,43,42,875.0,625.0,41
20+,dire,43,43,875.0,875.0,12
20+,dire,43,44,875.0,1125.0,4
20+,dire,43,45,875.0,1375.0,5
20+,dire,43,46,875.0,1625.0,13
20+,dire,43,47,875.0,1875.0,28
20+,dire,43,48,875.0,2125.0,39
20+,dire,43,49,875.0,2375.0,182
20+,dire,43,50,875.0,2625.0,2094
20+,dire,43,51,875.0,2875.0,1807
20+,dire,43,52,875.0,3125.0,493
20+,dire,43,53,875.0,3375.0,146
20+,dire,43,54,875.0,3625.0,192
20+,dire,43,55,875.0,3875.0,1029
20+,dire,43,56,875.0,4125.0,1489
20+,dire,43,57,875.0,4375.0,874
20+,dire,43,58,875.0,4625.0,309
20+,dire,43,59,875.0,4875.0,98
20+,dire,43,60,875.0,5125.0,21
20+,dire,43,61,875.0,5375.0,5
20+,dire,43,62,875.0,5625.0,5
20+,dire,43,63,875.0,5875.0,22
20+,dire,43,64,875.0,6125.0,7
20+,dire,43,66,875.0,6625.0,1
20+,dire,43,67,875.0,6875.0,3
20+,dire,43,68,875.0,7125.0,38
20+,dire,43,69,875.0,7375.0,818
20+,dire,43,70,875.0,7625.0,126
20+,dire,43,71,875.0,7875.0,8
20+,dire,43,72,875.0,8125.0,64
20+,dire,43,74,875.0,8625.0,1
20+,dire,44,40,1125.0,125.0,5
20+,dire,44,41,1125.0,375.0,10
20+,dire,44,42,1125.0,625.0,24
20+,dire,44,43,1125.0,875.0,35
20+,dire,44,44,1125.0,1125.0,11
20+,dire,44,45,1125.0,1375.0,20
20+,dire,44,46,1125.0,1625.0,14
20+,dire,44,47,1125.0,1875.0,42
20+,dire,44,48,1125.0,2125.0,109
20+,dire,44,49,1125.0,2375.0,593
20+,dire,44,50,1125.0,2625.0,12796
20+,dire,44,51,1125.0,2875.0,3783
20+,dire,44,52,1125.0,3125.0,1562
20+,dire,44,53,1125.0,3375.0,607
20+,dire,44,54,1125.0,3625.0,520
20+,dire,44,55,1125.0,3875.0,2349
20+,dire,44,56,1125.0,4125.0,11412
20+,dire,44,57,1125.0,4375.0,1448
20+,dire,44,58,1125.0,4625.0,109
20+,dire,44,59,1125.0,4875.0,17
20+,dire,44,60,1125.0,5125.0,15
20+,dire,44,61,1125.0,5375.0,13
20+,dire,44,62,1125.0,5625.0,6
20+,dire,44,63,1125.0,5875.0,13
20+,dire,44,64,1125.0,6125.0,4
20+,dire,44,66,1125.0,6625.0,4
20+,dire,44,68,1125.0,7125.0,12
20+,dire,44,69,1125.0,7375.0,327
20+,dire,44,70,1125.0,7625.0,274
20+,dire,44,71,1125.0,7875.0,15
20+,dire,44,72,1125.0,8125.0,52
20+,dire,44,75,1125.0,8875.0,1
20+,dire,45,40,1375.0,125.0,2
20+,dire,45,41,1375.0,375.0,3
20+,dire,45,42,1375.0,625.0,5
20+,dire,45,43,1375.0,875.0,39
20+,dire,45,44,1375.0,1125.0,18
20+,dire,45,45,1375.0,1375.0,9
20+,dire,45,46,1375.0,1625.0,7
20+,dire,45,47,1375.0,1875.0,5
20+,dire,45,48,1375.0,2125.0,152
20+,dire,45,49,1375.0,2375.0,387
20+,dire,45,50,1375.0,2625.0,2098
20+,dire,45,51,1375.0,2875.0,1344
20+,dire,45,52,1375.0,3125.0,1701
20+,dire,45,53,1375.0,3375.0,1768
20+,dire,45,54,1375.0,3625.0,3102
20+,dire,45,55,1375.0,3875.0,4613
20+,dire,45,56,1375.0,4125.0,4418
20+,dire,45,57,1375.0,4375.0,375
20+,dire,45,58,1375.0,4625.0,83
20+,dire,45,59,1375.0,4875.0,22
20+,dire,45,60,1375.0,5125.0,3
20+,dire,45,61,1375.0,5375.0,5
20+,dire,45,62,1375.0,5625.0,3
20+,dire,45,63,1375.0,5875.0,12
20+,dire,45,64,1375.0,6125.0,14
20+,dire,45,65,1375.0,6375.0,1
20+,dire,45,67,1375.0,6875.0,1
20+,dire,45,68,1375.0,7125.0,3
20+,dire,45,69,1375.0,7375.0,191
20+,dire,45,70,1375.0,7625.0,1012
20+,dire,45,71,1375.0,7875.0,58
20+,dire,45,72,1375.0,8125.0,73
20+,dire,45,73,1375.0,8375.0,4
20+,dire,45,75,1375.0,8875.0,1
20+,dire,46,40,1625.0,125.0,4
20+,dire,46,41,1625.0,375.0,1
20+,dire,46,42,1625.0,625.0,10
20+,dire,46,43,1625.0,875.0,16
20+,dire,46,44,1625.0,1125.0,28
20+,dire,46,45,1625.0,1375.0,17
20+,dire,46,46,1625.0,1625.0,9
20+,dire,46,47,1625.0,1875.0,33
20+,dire,46,48,1625.0,2125.0,26
20+,dire,46,49,1625.0,2375.0,232
20+,dire,46,50,1625.0,2625.0,452
20+,dire,46,51,1625.0,2875.0,165
20+,dire,46,52,1625.0,3125.0,23
20+,dire,46,53,1625.0,3375.0,94
20+,dire,46,54,1625.0,3625.0,503
20+,dire,46,55,1625.0,3875.0,645
20+,dire,46,56,1625.0,4125.0,146
20+,dire,46,57,1625.0,4375.0,75
20+,dire,46,58,1625.0,4625.0,38
20+,dire,46,59,1625.0,4875.0,11
20+,dire,46,60,1625.0,5125.0,1
20+,dire,46,61,1625.0,5375.0,3
20+,dire,46,62,1625.0,5625.0,4
20+,dire,46,63,1625.0,5875.0,16
20+,dire,46,64,1625.0,6125.0,5
20+,dire,46,65,1625.0,6375.0,4
20+,dire,46,66,1625.0,6625.0,4
20+,dire,46,67,1625.0,6875.0,5
20+,dire,46,68,1625.0,7125.0,30
20+,dire,46,69,1625.0,7375.0,112
20+,dire,46,70,1625.0,7625.0,1924
20+,dire,46,71,1625.0,7875.0,855
20+,dire,46,72,1625.0,8125.0,71
20+,dire,46,75,1625.0,8875.0,2
20+,dire,47,40,1875.0,125.0,8
20+,dire,47,41,1875.0,375.0,2
20+,dire,47,42,1875.0,625.0,2
20+,dire,47,43,1875.0,875.0,7
20+,dire,47,44,1875.0,1125.0,14
20+,dire,47,45,1875.0,1375.0,35
20+,dire,47,46,1875.0,1625.0,8
20+,dire,47,47,1875.0,1875.0,10
20+,dire,47,48,1875.0,2125.0,20
20+,dire,47,49,1875.0,2375.0,52
20+,dire,47,50,1875.0,2625.0,31
20+,dire,47,51,1875.0,2875.0,80
20+,dire,47,52,1875.0,3125.0,24
20+,dire,47,53,1875.0,3375.0,53
20+,dire,47,54,1875.0,3625.0,53
20+,dire,47,55,1875.0,3875.0,138
20+,dire,47,56,1875.0,4125.0,97
20+,dire,47,57,1875.0,4375.0,35
20+,dire,47,58,1875.0,4625.0,21
20+,dire,47,59,1875.0,4875.0,9
20+,dire,47,60,1875.0,5125.0,3
20+,dire,47,61,1875.0,5375.0,2
20+,dire,47,62,1875.0,5625.0,3
20+,dire,47,63,1875.0,5875.0,35
20+,dire,47,64,1875.0,6125.0,5
20+,dire,47,65,1875.0,6375.0,3
20+,dire,47,66,1875.0,6625.0,3
20+,dire,47,67,1875.0,6875.0,6
20+,dire,47,68,1875.0,7125.0,38
20+,dire,47,69,1875.0,7375.0,619
20+,dire,47,70,1875.0,7625.0,1338
20+,dire,47,71,1875.0,7875.0,5427
20+,dire,47,72,1875.0,8125.0,26
20+,dire,47,73,1875.0,8375.0,1
20+,dire,47,74,1875.0,8625.0,1
20+,dire,48,40,2125.0,125.0,4
20+,dire,48,42,2125.0,625.0,3
20+,dire,48,43,2125.0,875.0,4
20+,dire,48,44,2125.0,1125.0,14
20+,dire,48,45,2125.0,1375.0,15
20+,dire,48,46,2125.0,1625.0,15
20+,dire,48,47,2125.0,1875.0,10
20+,dire,48,48,2125.0,2125.0,14
20+,dire,48,49,2125.0,2375.0,10
20+,dire,48,50,2125.0,2625.0,4
20+,dire,48,51,2125.0,2875.0,4
20+,dire,48,52,2125.0,3125.0,8
20+,dire,48,53,2125.0,3375.0,11
20+,dire,48,55,2125.0,3875.0,14
20+,dire,48,56,2125.0,4125.0,25
20+,dire,48,57,2125.0,4375.0,14
20+,dire,48,58,2125.0,4625.0,8
20+,dire,48,59,2125.0,4875.0,5
20+,dire,48,60,2125.0,5125.0,10
20+,dire,48,61,2125.0,5375.0,7
20+,dire,48,62,2125.0,5625.0,11
20+,dire,48,63,2125.0,5875.0,15
20+,dire,48,64,2125.0,6125.0,6
20+,dire,48,66,2125.0,6625.0,4
20+,dire,48,67,2125.0,6875.0,9
20+,dire,48,68,2125.0,7125.0,81
20+,dire,48,69,2125.0,7375.0,1377
20+,dire,48,70,2125.0,7625.0,3206
20+,dire,48,71,2125.0,7875.0,4453
20+,dire,48,72,2125.0,8125.0,47
20+,dire,48,74,2125.0,8625.0,1
20+,dire,49,40,2375.0,125.0,7
20+,dire,49,41,2375.0,375.0,9
20+,dire,49,42,2375.0,625.0,3
20+,dire,49,44,2375.0,1125.0,1
20+,dire,49,45,2375.0,1375.0,3
20+,dire,49,46,2375.0,1625.0,21
20+,dire,49,47,2375.0,1875.0,74
20+,dire,49,48,2375.0,2125.0,15
20+,dire,49,49,2375.0,2375.0,4
20+,dire,49,50,2375.0,2625.0,2
20+,dire,49,51,2375.0,2875.0,1
20+,dire,49,52,2375.0,3125.0,3
20+,dire,49,53,2375.0,3375.0,2
20+,dire,49,54,2375.0,3625.0,2
20+,dire,49,55,2375.0,3875.0,4
20+,dire,49,56,2375.0,4125.0,4
20+,dire,49,58,2375.0,4625.0,8
20+,dire,49,59,2375.0,4875.0,3
20+,dire,49,60,2375.0,5125.0,1
20+,dire,49,61,2375.0,5375.0,1
20+,dire,49,62,2375.0,5625.0,8
20+,dire,49,63,2375.0,5875.0,18
20+,dire,49,64,2375.0,6125.0,5
20+,dire,49,65,2375.0,6375.0,1
20+,dire,49,66,2375.0,6625.0,4
20+,dire,49,67,2375.0,6875.0,6
20+,dire,49,68,2375.0,7125.0,77
20+,dire,49,69,2375.0,7375.0,457
20+,dire,49,70,2375.0,7625.0,73
20+,dire,49,71,2375.0,7875.0,5
20+,dire,49,72,2375.0,8125.0,11
20+,dire,49,73,2375.0,8375.0,1
20+,dire,49,76,2375.0,9125.0,1
20+,dire,50,40,2625.0,125.0,14
20+,dire,50,41,2625.0,375.0,4
20+,dire,50,43,2625.0,875.0,2
20+,dire,50,44,2625.0,1125.0,1
20+,dire,50,45,2625.0,1375.0,3
20+,dire,50,46,2625.0,1625.0,6
20+,dire,50,47,2625.0,1875.0,29
20+,dire,50,48,2625.0,2125.0,12
20+,dire,50,49,2625.0,2375.0,13
20+,dire,50,50,2625.0,2625.0,1
20+,dire,50,51,2625.0,2875.0,3
20+,dire,50,52,2625.0,3125.0,1
20+,dire,50,53,2625.0,3375.0,3
20+,dire,50,54,2625.0,3625.0,3
20+,dire,50,55,2625.0,3875.0,3
20+,dire,50,56,2625.0,4125.0,4
20+,dire,50,57,2625.0,4375.0,2
20+,dire,50,59,2625.0,4875.0,2
20+,dire,50,60,2625.0,5125.0,1
20+,dire,50,61,2625.0,5375.0,4
20+,dire,50,62,2625.0,5625.0,3
20+,dire,50,63,2625.0,5875.0,12
20+,dire,50,64,2625.0,6125.0,10
20+,dire,50,66,2625.0,6625.0,1
20+,dire,50,67,2625.0,6875.0,4
20+,dire,50,68,2625.0,7125.0,14
20+,dire,50,69,2625.0,7375.0,130
20+,dire,50,71,2625.0,7875.0,1
20+,dire,50,73,2625.0,8375.0,1
20+,dire,50,75,2625.0,8875.0,1
20+,dire,51,40,2875.0,125.0,8
20+,dire,51,44,2875.0,1125.0,3
20+,dire,51,46,2875.0,1625.0,1
20+,dire,51,47,2875.0,1875.0,9
20+,dire,51,48,2875.0,2125.0,26
20+,dire,51,49,2875.0,2375.0,9
20+,dire,51,50,2875.0,2625.0,2
20+,dire,51,51,2875.0,2875.0,4
20+,dire,51,52,2875.0,3125.0,2
20+,dire,51,53,2875.0,3375.0,1
20+,dire,51,54,2875.0,3625.0,3
20+,dire,51,55,2875.0,3875.0,2
20+,dire,51,56,2875.0,4125.0,1
20+,dire,51,61,2875.0,5375.0,5
20+,dire,51,62,2875.0,5625.0,6
20+,dire,51,63,2875.0,5875.0,6
20+,dire,51,64,2875.0,6125.0,7
20+,dire,51,68,2875.0,7125.0,7
20+,dire,51,69,2875.0,7375.0,16
20+,dire,51,71,2875.0,7875.0,1
20+,dire,51,74,2875.0,8625.0,1
20+,dire,52,40,3125.0,125.0,13
20+,dire,52,43,3125.0,875.0,1
20+,dire,52,44,3125.0,1125.0,3
20+,dire,52,45,3125.0,1375.0,4
20+,dire,52,46,3125.0,1625.0,9
20+,dire,52,47,3125.0,1875.0,2
20+,dire,52,48,3125.0,2125.0,6
20+,dire,52,49,3125.0,2375.0,11
20+,dire,52,50,3125.0,2625.0,11
20+,dire,52,51,3125.0,2875.0,6
20+,dire,52,52,3125.0,3125.0,12
20+,dire,52,53,3125.0,3375.0,4
20+,dire,52,54,3125.0,3625.0,8
20+,dire,52,55,3125.0,3875.0,2
20+,dire,52,58,3125.0,4625.0,1
20+,dire,52,60,3125.0,5125.0,1
20+,dire,52,61,3125.0,5375.0,6
20+,dire,52,62,3125.0,5625.0,13
20+,dire,52,63,3125.0,5875.0,12
20+,dire,52,64,3125.0,6125.0,1
20+,dire,52,65,3125.0,6375.0,1
20+,dire,52,68,3125.0,7125.0,1
20+,dire,52,69,3125.0,7375.0,2
20+,dire,52,73,3125.0,8375.0,1
20+,dire,53,40,3375.0,125.0,76
20+,dire,53,41,3375.0,375.0,5
20+,dire,53,42,3375.0,625.0,5
20+,dire,53,43,3375.0,875.0,3
20+,dire,53,44,3375.0,1125.0,2
20+,dire,53,45,3375.0,1375.0,11
20+,dire,53,46,3375.0,1625.0,3
20+,dire,53,47,3375.0,1875.0,5
20+,dire,53,48,3375.0,2125.0,4
20+,dire,53,49,3375.0,2375.0,10
20+,dire,53,50,3375.0,2625.0,17
20+,dire,53,51,3375.0,2875.0,16
20+,dire,53,52,3375.0,3125.0,9
20+,dire,53,53,3375.0,3375.0,2
20+,dire,53,59,3375.0,4875.0,3
20+,dire,53,60,3375.0,5125.0,2
20+,dire,53,61,3375.0,5375.0,3
20+,dire,53,62,3375.0,5625.0,31
20+,dire,53,63,3375.0,5875.0,56
20+,dire,53,64,3375.0,6125.0,5
20+,dire,54,40,3625.0,125.0,225
20+,dire,54,41,3625.0,375.0,47
20+,dire,54,42,3625.0,625.0,84
20+,dire,54,43,3625.0,875.0,67
20+,dire,54,44,3625.0,1125.0,17
20+,dire,54,45,3625.0,1375.0,5
20+,dire,54,46,3625.0,1625.0,6
20+,dire,54,47,3625.0,1875.0,1
20+,dire,54,48,3625.0,2125.0,2
20+,dire,54,49,3625.0,2375.0,7
20+,dire,54,50,3625.0,2625.0,24
20+,dire,54,51,3625.0,2875.0,12
20+,dire,54,52,3625.0,3125.0,14
20+,dire,54,53,3625.0,3375.0,5
20+,dire,54,54,3625.0,3625.0,3
20+,dire,54,56,3625.0,4125.0,5
20+,dire,54,57,3625.0,4375.0,3
20+,dire,54,58,3625.0,4625.0,3
20+,dire,54,60,3625.0,5125.0,1
20+,dire,54,61,3625.0,5375.0,9
20+,dire,54,62,3625.0,5625.0,21
20+,dire,54,63,3625.0,5875.0,17
20+,dire,54,64,3625.0,6125.0,4
20+,dire,54,68,3625.0,7125.0,1
20+,dire,55,40,3875.0,125.0,767
20+,dire,55,41,3875.0,375.0,537
20+,dire,55,42,3875.0,625.0,323
20+,dire,55,43,3875.0,875.0,67
20+,dire,55,44,3875.0,1125.0,3
20+,dire,55,45,3875.0,1375.0,2
20+,dire,55,46,3875.0,1625.0,8
20+,dire,55,47,3875.0,1875.0,2
20+,dire,55,49,3875.0,2375.0,6
20+,dire,55,50,3875.0,2625.0,2
20+,dire,55,51,3875.0,2875.0,5
20+,dire,55,52,3875.0,3125.0,13
20+,dire,55,53,3875.0,3375.0,14
20+,dire,55,54,3875.0,3625.0,8
20+,dire,55,55,3875.0,3875.0,6
20+,dire,55,56,3875.0,4125.0,6
20+,dire,55,57,3875.0,4375.0,6
20+,dire,55,58,3875.0,4625.0,2
20+,dire,55,59,3875.0,4875.0,3
20+,dire,55,60,3875.0,5125.0,4
20+,dire,55,61,3875.0,5375.0,2
20+,dire,55,62,3875.0,5625.0,10
20+,dire,55,63,3875.0,5875.0,5
20+,dire,55,64,3875.0,6125.0,1
20+,dire,55,65,3875.0,6375.0,1
20+,dire,56,40,4125.0,125.0,3542
20+,dire,56,41,4125.0,375.0,1019
20+,dire,56,42,4125.0,625.0,128
20+,dire,56,43,4125.0,875.0,33
20+,dire,56,44,4125.0,1125.0,2
20+,dire,56,46,4125.0,1625.0,3
20+,dire,56,50,4125.0,2625.0,4
20+,dire,56,51,4125.0,2875.0,2
20+,dire,56,52,4125.0,3125.0,4
20+,dire,56,53,4125.0,3375.0,11
20+,dire,56,54,4125.0,3625.0,52
20+,dire,56,55,4125.0,3875.0,10
20+,dire,56,56,4125.0,4125.0,6
20+,dire,56,57,4125.0,4375.0,1
20+,dire,56,58,4125.0,4625.0,2
20+,dire,56,60,4125.0,5125.0,3
20+,dire,56,61,4125.0,5375.0,3
20+,dire,56,62,4125.0,5625.0,3
20+,dire,56,63,4125.0,5875.0,1
20+,dire,57,40,4375.0,125.0,8751
20+,dire,57,41,4375.0,375.0,214
20+,dire,57,42,4375.0,625.0,41
20+,dire,57,43,4375.0,875.0,13
20+,dire,57,44,4375.0,1125.0,6
20+,dire,57,46,4375.0,1625.0,2
20+,dire,57,49,4375.0,2375.0,3
20+,dire,57,50,4375.0,2625.0,1
20+,dire,57,52,4375.0,3125.0,1
20+,dire,57,53,4375.0,3375.0,7
20+,dire,57,54,4375.0,3625.0,12
20+,dire,57,55,4375.0,3875.0,13
20+,dire,57,56,4375.0,4125.0,2
20+,dire,57,57,4375.0,4375.0,3
20+,dire,57,58,4375.0,4625.0,4
20+,dire,57,59,4375.0,4875.0,1
20+,dire,57,60,4375.0,5125.0,3
20+,dire,57,62,4375.0,5625.0,1
20+,dire,58,40,4625.0,125.0,206
20+,dire,58,41,4625.0,375.0,165
20+,dire,58,42,4625.0,625.0,10
20+,dire,58,43,4625.0,875.0,4
20+,dire,58,44,4625.0,1125.0,1
20+,dire,58,46,4625.0,1625.0,1
20+,dire,58,47,4625.0,1875.0,1
20+,dire,58,52,4625.0,3125.0,1
20+,dire,58,53,4625.0,3375.0,3
20+,dire,58,54,4625.0,3625.0,6
20+,dire,58,55,4625.0,3875.0,5
20+,dire,58,56,4625.0,4125.0,8
20+,dire,58,57,4625.0,4375.0,1
20+,dire,58,58,4625.0,4625.0,7
20+,dire,58,59,4625.0,4875.0,14
20+,dire,58,60,4625.0,5125.0,6
20+,dire,58,61,4625.0,5375.0,1
20+,dire,58,62,4625.0,5625.0,1
20+,dire,58,63,4625.0,5875.0,1
20+,dire,59,40,4875.0,125.0,58
20+,dire,59,41,4875.0,375.0,62
20+,dire,59,42,4875.0,625.0,13
20+,dire,59,43,4875.0,875.0,1
20+,dire,59,44,4875.0,1125.0,3
20+,dire,59,46,4875.0,1625.0,2
20+,dire,59,47,4875.0,1875.0,1
20+,dire,59,51,4875.0,2875.0,1
20+,dire,59,52,4875.0,3125.0,2
20+,dire,59,53,4875.0,3375.0,3
20+,dire,59,54,4875.0,3625.0,3
20+,dire,59,55,4875.0,3875.0,2
20+,dire,59,56,4875.0,4125.0,6
20+,dire,59,57,4875.0,4375.0,5
20+,dire,59,58,4875.0,4625.0,18
20+,dire,59,59,4875.0,4875.0,2
20+,dire,59,60,4875.0,5125.0,4
20+,dire,59,61,4875.0,5375.0,2
20+,dire,59,62,4875.0,5625.0,2
20+,dire,59,63,4875.0,5875.0,1
20+,dire,59,67,4875.0,6875.0,1
20+,dire,60,40,5125.0,125.0,7
20+,dire,60,41,5125.0,375.0,12
20+,dire,60,42,5125.0,625.0,15
20+,dire,60,43,5125.0,875.0,12
20+,dire,60,44,5125.0,1125.0,1
20+,dire,60,46,5125.0,1625.0,1
20+,dire,60,47,5125.0,1875.0,6
20+,dire,60,52,5125.0,3125.0,1
20+,dire,60,53,5125.0,3375.0,1
20+,dire,60,54,5125.0,3625.0,3
20+,dire,60,55,5125.0,3875.0,2
20+,dire,60,56,5125.0,4125.0,9
20+,dire,60,57,5125.0,4375.0,9
20+,dire,60,58,5125.0,4625.0,16
20+,dire,60,59,5125.0,4875.0,2
20+,dire,60,60,5125.0,5125.0,1
20+,dire,60,61,5125.0,5375.0,7
20+,dire,60,62,5125.0,5625.0,1
20+,dire,60,63,5125.0,5875.0,1
20+,dire,60,64,5125.0,6125.0,4
20+,dire,60,65,5125.0,6375.0,1
20+,dire,61,40,5375.0,125.0,1
20+,dire,61,41,5375.0,375.0,1
20+,dire,61,43,5375.0,875.0,2
20+,dire,61,44,5375.0,1125.0,4
20+,dire,61,45,5375.0,1375.0,6
20+,dire,61,46,5375.0,1625.0,1
20+,dire,61,47,5375.0,1875.0,2
20+,dire,61,48,5375.0,2125.0,3
20+,dire,61,50,5375.0,2625.0,2
20+,dire,61,51,5375.0,2875.0,1
20+,dire,61,52,5375.0,3125.0,2
20+,dire,61,53,5375.0,3375.0,1
20+,dire,61,55,5375.0,3875.0,6
20+,dire,61,56,5375.0,4125.0,2
20+,dire,61,57,5375.0,4375.0,5
20+,dire,61,58,5375.0,4625.0,3
20+,dire,61,61,5375.0,5375.0,5
20+,dire,61,63,5375.0,5875.0,1
20+,dire,61,64,5375.0,6125.0,5
20+,dire,61,65,5375.0,6375.0,1
20+,dire,62,40,5625.0,125.0,1
20+,dire,62,45,5625.0,1375.0,3
20+,dire,62,46,5625.0,1625.0,5
20+,dire,62,47,5625.0,1875.0,4
20+,dire,62,48,5625.0,2125.0,2
20+,dire,62,51,5625.0,2875.0,2
20+,dire,62,54,5625.0,3625.0,2
20+,dire,62,56,5625.0,4125.0,2
20+,dire,62,57,5625.0,4375.0,3
20+,dire,62,58,5625.0,4625.0,1
20+,dire,62,61,5625.0,5375.0,2
20+,dire,62,63,5625.0,5875.0,2
20+,dire,63,40,5875.0,125.0,6
20+,dire,63,44,5875.0,1125.0,1
20+,dire,63,45,5875.0,1375.0,3
20+,dire,63,46,5875.0,1625.0,4
20+,dire,63,47,5875.0,1875.0,1
20+,dire,63,48,5875.0,2125.0,8
20+,dire,63,49,5875.0,2375.0,1
20+,dire,63,50,5875.0,2625.0,5
20+,dire,63,51,5875.0,2875.0,5
20+,dire,63,53,5875.0,3375.0,6
20+,dire,63,54,5875.0,3625.0,2
20+,dire,63,55,5875.0,3875.0,1
20+,dire,63,56,5875.0,4125.0,2
20+,dire,63,58,5875.0,4625.0,2
20+,dire,63,59,5875.0,4875.0,1
20+,dire,63,61,5875.0,5375.0,2
20+,dire,63,63,5875.0,5875.0,3
20+,dire,63,64,5875.0,6125.0,4
20+,dire,64,40,6125.0,125.0,21
20+,dire,64,41,6125.0,375.0,20
20+,dire,64,42,6125.0,625.0,4
20+,dire,64,43,6125.0,875.0,3
20+,dire,64,44,6125.0,1125.0,3
20+,dire,64,45,6125.0,1375.0,6
20+,dire,64,46,6125.0,1625.0,8
20+,dire,64,47,6125.0,1875.0,11
20+,dire,64,48,6125.0,2125.0,4
20+,dire,64,49,6125.0,2375.0,7
20+,dire,64,50,6125.0,2625.0,9
20+,dire,64,51,6125.0,2875.0,21
20+,dire,64,52,6125.0,3125.0,19
20+,dire,64,53,6125.0,3375.0,7
20+,dire,64,54,6125.0,3625.0,5
20+,dire,64,55,6125.0,3875.0,1
20+,dire,64,56,6125.0,4125.0,3
20+,dire,64,57,6125.0,4375.0,4
20+,dire,64,59,6125.0,4875.0,3
20+,dire,64,61,6125.0,5375.0,2
20+,dire,65,40,6375.0,125.0,70
20+,dire,65,41,6375.0,375.0,7
20+,dire,65,42,6375.0,625.0,8
20+,dire,65,43,6375.0,875.0,7
20+,dire,65,44,6375.0,1125.0,5
20+,dire,65,45,6375.0,1375.0,4
20+,dire,65,46,6375.0,1625.0,6
20+,dire,65,47,6375.0,1875.0,5
20+,dire,65,48,6375.0,2125.0,13
20+,dire,65,49,6375.0,2375.0,11
20+,dire,65,50,6375.0,2625.0,10
20+,dire,65,51,6375.0,2875.0,36
20+,dire,65,52,6375.0,3125.0,19
20+,dire,65,53,6375.0,3375.0,5
20+,dire,65,54,6375.0,3625.0,5
20+,dire,65,55,6375.0,3875.0,2
20+,dire,65,56,6375.0,4125.0,3
20+,dire,65,58,6375.0,4625.0,1
20+,dire,65,61,6375.0,5375.0,1
20+,dire,65,62,6375.0,5625.0,1
20+,dire,65,63,6375.0,5875.0,1
20+,dire,66,40,6625.0,125.0,15
20+,dire,66,41,6625.0,375.0,9
20+,dire,66,42,6625.0,625.0,4
20+,dire,66,43,6625.0,875.0,3
20+,dire,66,44,6625.0,1125.0,6
20+,dire,66,45,6625.0,1375.0,4
20+,dire,66,46,6625.0,1625.0,4
20+,dire,66,47,6625.0,1875.0,2
20+,dire,66,48,6625.0,2125.0,2
20+,dire,66,49,6625.0,2375.0,1
20+,dire,66,50,6625.0,2625.0,1
20+,dire,66,51,6625.0,2875.0,7
20+,dire,66,52,6625.0,3125.0,11
20+,dire,66,53,6625.0,3375.0,2
20+,dire,66,54,6625.0,3625.0,3
20+,dire,66,58,6625.0,4625.0,1
20+,dire,66,62,6625.0,5625.0,1
20+,dire,66,64,6625.0,6125.0,3
20+,dire,67,41,6875.0,375.0,5
20+,dire,67,42,6875.0,625.0,2
20+,dire,67,43,6875.0,875.0,2
20+,dire,67,44,6875.0,1125.0,1
20+,dire,67,45,6875.0,1375.0,1
20+,dire,67,48,6875.0,2125.0,2
20+,dire,67,50,6875.0,2625.0,1
20+,dire,67,54,6875.0,3625.0,1
20+,dire,67,64,6875.0,6125.0,1
20+,dire,67,65,6875.0,6375.0,1
20+,dire,68,41,7125.0,375.0,5
20+,dire,68,42,7125.0,625.0,2
20+,dire,68,43,7125.0,875.0,1
20+,dire,68,49,7125.0,2375.0,7
20+,dire,68,58,7125.0,4625.0,1
20+,dire,68,65,7125.0,6375.0,1
20+,dire,69,40,7375.0,125.0,1
20+,dire,69,41,7375.0,375.0,8
20+,dire,69,42,7375.0,625.0,23
20+,dire,69,43,7375.0,875.0,7
20+,dire,69,47,7375.0,1875.0,2
20+,dire,69,48,7375.0,2125.0,19
20+,dire,69,49,7375.0,2375.0,2
20+,dire,69,51,7375.0,2875.0,3
20+,dire,69,55,7375.0,3875.0,1
20+,dire,69,58,7375.0,4625.0,1
20+,dire,70,40,7625.0,125.0,10
20+,dire,70,41,7625.0,375.0,54
20+,dire,70,42,7625.0,625.0,73
20+,dire,70,43,7625.0,875.0,17
20+,dire,70,47,7625.0,1875.0,61
20+,dire,70,48,7625.0,2125.0,5
20+,dire,71,40,7875.0,125.0,652
20+,dire,71,41,7875.0,375.0,604
20+,dire,71,42,7875.0,625.0,480
20+,dire,71,43,7875.0,875.0,455
20+,dire,71,44,7875.0,1125.0,57
20+,dire,71,45,7875.0,1375.0,74
20+,dire,71,46,7875.0,1625.0,217
20+,dire,71,47,7875.0,1875.0,43
20+,dire,72,40,8125.0,125.0,3909
20+,dire,72,41,8125.0,375.0,3084
20+,dire,72,42,8125.0,625.0,2150
20+,dire,72,43,8125.0,875.0,2589
20+,dire,72,44,8125.0,1125.0,1720
20+,dire,72,45,8125.0,1375.0,1000
20+,dire,72,46,8125.0,1625.0,116
20+,dire,72,47,8125.0,1875.0,1
20+,dire,73,40,8375.0,125.0,102
20+,dire,73,41,8375.0,375.0,110
20+,dire,73,42,8375.0,625.0,90
20+,dire,73,43,8375.0,875.0,386
20+,dire,73,44,8375.0,1125.0,7546
20+,dire,73,45,8375.0,1375.0,6507
20+,dire,73,46,8375.0,1625.0,15
20+,dire,73,47,8375.0,1875.0,2
20+,dire,74,40,8625.0,125.0,1
20+,dire,74,42,8625.0,625.0,1
20+,dire,74,43,8625.0,875.0,2
20+,dire,74,44,8625.0,1125.0,266
20+,dire,74,45,8625.0,1375.0,437
20+,dire,74,46,8625.0,1625.0,9
20+,dire,74,47,8625.0,1875.0,6
20+,dire,74,48,8625.0,2125.0,3
20+,dire,74,49,8625.0,2375.0,5
20+,dire,75,43,8875.0,875.0,1
20+,dire,75,45,8875.0,1375.0,2
20+,dire,75,46,8875.0,1625.0,2
20+,dire,75,47,8875.0,1875.0,3
20+,dire,75,48,8875.0,2125.0,1
20+,dire,75,49,8875.0,2375.0,1
20+,dire,76,45,9125.0,1375.0,2
20+,dire,76,46,9125.0,1625.0,2
20+,dire,76,47,9125.0,1875.0,2
20+,dire,77,47,9375.0,1875.0,1
20+,dire,78,44,9625.0,1125.0,1
20+,dire,78,45,9625.0,1375.0,1
whole,radiant,3,38,-9125.0,-375.0,1
whole,radiant,4,31,-8875.0,-2125.0,1
whole,radiant,4,33,-8875.0,-1625.0,2
whole,radiant,4,34,-8875.0,-1375.0,1
whole,radiant,4,35,-8875.0,-1125.0,1
whole,radiant,4,36,-8875.0,-875.0,1
whole,radiant,4,39,-8875.0,-125.0,1
whole,radiant,5,29,-8625.0,-2625.0,1
whole,radiant,5,30,-8625.0,-2375.0,2
whole,radiant,5,33,-8625.0,-1625.0,1
whole,radiant,5,34,-8625.0,-1375.0,4
whole,radiant,5,36,-8625.0,-875.0,1
whole,radiant,5,37,-8625.0,-625.0,1
whole,radiant,5,38,-8625.0,-375.0,2
whole,radiant,5,40,-8625.0,125.0,1
whole,radiant,6,29,-8375.0,-2625.0,4
whole,radiant,6,30,-8375.0,-2375.0,2
whole,radiant,6,31,-8375.0,-2125.0,1
whole,radiant,6,32,-8375.0,-1875.0,2
whole,radiant,6,33,-8375.0,-1625.0,7
whole,radiant,6,34,-8375.0,-1375.0,3
whole,radiant,6,35,-8375.0,-1125.0,3
whole,radiant,6,36,-8375.0,-875.0,3
whole,radiant,6,37,-8375.0,-625.0,9
whole,radiant,6,38,-8375.0,-375.0,10
whole,radiant,6,39,-8375.0,-125.0,9
whole,radiant,6,40,-8375.0,125.0,4
whole,radiant,7,31,-8125.0,-2125.0,5
whole,radiant,7,32,-8125.0,-1875.0,12
whole,radiant,7,33,-8125.0,-1625.0,38
whole,radiant,7,34,-8125.0,-1375.0,26
whole,radiant,7,35,-8125.0,-1125.0,10
whole,radiant,7,36,-8125.0,-875.0,16
whole,radiant,7,37,-8125.0,-625.0,142
whole,radiant,7,38,-8125.0,-375.0,5786
whole,radiant,7,39,-8125.0,-125.0,1330
whole,radiant,7,40,-8125.0,125.0,6
whole,radiant,8,29,-7875.0,-2625.0,2
whole,radiant,8,30,-7875.0,-2375.0,4
whole,radiant,8,31,-7875.0,-2125.0,9
whole,radiant,8,32,-7875.0,-1875.0,20
whole,radiant,8,33,-7875.0,-1625.0,8330
whole,radiant,8,34,-7875.0,-1375.0,2156
whole,radiant,8,35,-7875.0,-1125.0,865
whole,radiant,8,36,-7875.0,-875.0,819
whole,radiant,8,37,-7875.0,-625.0,2181
whole,radiant,8,38,-7875.0,-375.0,7153
whole,radiant,8,39,-7875.0,-125.0,2852
whole,radiant,8,40,-7875.0,125.0,254
whole,radiant,9,30,-7625.0,-2375.0,5
whole,radiant,9,31,-7625.0,-2125.0,62
whole,radiant,9,32,-7625.0,-1875.0,186
whole,radiant,9,33,-7625.0,-1625.0,6610
whole,radiant,9,34,-7625.0,-1375.0,6212
whole,radiant,9,35,-7625.0,-1125.0,3828
whole,radiant,9,36,-7625.0,-875.0,2841
whole,radiant,9,37,-7625.0,-625.0,4213
whole,radiant,9,38,-7625.0,-375.0,1492
whole,radiant,9,39,-7625.0,-125.0,907
whole,radiant,9,40,-7625.0,125.0,233
whole,radiant,10,26,-7375.0,-3375.0,2
whole,radiant,10,28,-7375.0,-2875.0,1
whole,radiant,10,29,-7375.0,-2625.0,3
whole,radiant,10,30,-7375.0,-2375.0,22
whole,radiant,10,31,-7375.0,-2125.0,66
whole,radiant,10,32,-7375.0,-1875.0,143
whole,radiant,10,33,-7375.0,-1625.0,475
whole,radiant,10,34,-7375.0,-1375.0,562
whole,radiant,10,35,-7375.0,-1125.0,765
whole,radiant,10,36,-7375.0,-875.0,564
whole,radiant,10,37,-7375.0,-625.0,288
whole,radiant,10,38,-7375.0,-375.0,26
whole,radiant,10,39,-7375.0,-125.0,25
whole,radiant,11,28,-7125.0,-2875.0,1
whole,radiant,11,30,-7125.0,-2375.0,1
whole,radiant,11,31,-7125.0,-2125.0,1
whole,radiant,11,32,-7125.0,-1875.0,1
whole,radiant,11,34,-7125.0,-1375.0,24
whole,radiant,11,35,-7125.0,-1125.0,79
whole,radiant,11,36,-7125.0,-875.0,37
whole,radiant,11,39,-7125.0,-125.0,1
whole,radiant,12,26,-6875.0,-3375.0,1
whole,radiant,12,33,-6875.0,-1625.0,1
whole,radiant,12,34,-6875.0,-1375.0,20
whole,radiant,12,35,-6875.0,-1125.0,12
whole,radiant,12,36,-6875.0,-875.0,15
whole,radiant,12,37,-6875.0,-625.0,2
whole,radiant,12,39,-6875.0,-125.0,1
whole,radiant,12,40,-6875.0,125.0,1
whole,radiant,13,16,-6625.0,-5875.0,5
whole,radiant,13,17,-6625.0,-5625.0,1
whole,radiant,13,21,-6625.0,-4625.0,1
whole,radiant,13,22,-6625.0,-4375.0,2
whole,radiant,13,25,-6625.0,-3625.0,1
whole,radiant,13,26,-6625.0,-3375.0,6
whole,radiant,13,27,-6625.0,-3125.0,7
whole,radiant,13,28,-6625.0,-2875.0,10
whole,radiant,13,29,-6625.0,-2625.0,3
whole,radiant,13,30,-6625.0,-2375.0,5
whole,radiant,13,31,-6625.0,-2125.0,3
whole,radiant,13,32,-6625.0,-1875.0,2
whole,radiant,13,33,-6625.0,-1625.0,3
whole,radiant,13,34,-6625.0,-1375.0,4
whole,radiant,13,35,-6625.0,-1125.0,7
whole,radiant,13,36,-6625.0,-875.0,9
whole,radiant,13,37,-6625.0,-625.0,7
whole,radiant,13,38,-6625.0,-375.0,4
whole,radiant,13,39,-6625.0,-125.0,1
whole,radiant,13,40,-6625.0,125.0,1
whole,radiant,14,15,-6375.0,-6125.0,1
whole,radiant,14,16,-6375.0,-5875.0,1
whole,radiant,14,17,-6375.0,-5625.0,1
whole,radiant,14,19,-6375.0,-5125.0,3
whole,radiant,14,20,-6375.0,-4875.0,1
whole,radiant,14,22,-6375.0,-4375.0,2
whole,radiant,14,23,-6375.0,-4125.0,1
whole,radiant,14,24,-6375.0,-3875.0,1
whole,radiant,14,25,-6375.0,-3625.0,4
whole,radiant,14,26,-6375.0,-3375.0,18
whole,radiant,14,27,-6375.0,-3125.0,5
whole,radiant,14,28,-6375.0,-2875.0,39
whole,radiant,14,29,-6375.0,-2625.0,10
whole,radiant,14,30,-6375.0,-2375.0,7
whole,radiant,14,31,-6375.0,-2125.0,8
whole,radiant,14,32,-6375.0,-1875.0,2
whole,radiant,14,33,-6375.0,-1625.0,4
whole,radiant,14,35,-6375.0,-1125.0,8
whole,radiant,14,36,-6375.0,-875.0,11
whole,radiant,14,37,-6375.0,-625.0,8
whole,radiant,14,38,-6375.0,-375.0,15
whole,radiant,14,39,-6375.0,-125.0,8
whole,radiant,14,40,-6375.0,125.0,2
whole,radiant,15,15,-6125.0,-6125.0,1
whole,radiant,15,16,-6125.0,-5875.0,7
whole,radiant,15,17,-6125.0,-5625.0,1
whole,radiant,15,18,-6125.0,-5375.0,1
whole,radiant,15,19,-6125.0,-5125.0,1
whole,radiant,15,22,-6125.0,-4375.0,5
whole,radiant,15,24,-6125.0,-3875.0,2
whole,radiant,15,25,-6125.0,-3625.0,7
whole,radiant,15,26,-6125.0,-3375.0,22
whole,radiant,15,27,-6125.0,-3125.0,17
whole,radiant,15,28,-6125.0,-2875.0,17
whole,radiant,15,29,-6125.0,-2625.0,9
whole,radiant,15,30,-6125.0,-2375.0,7
whole,radiant,15,31,-6125.0,-2125.0,8
whole,radiant,15,32,-6125.0,-1875.0,9
whole,radiant,15,33,-6125.0,-1625.0,7
whole,radiant,15,34,-6125.0,-1375.0,6
whole,radiant,15,35,-6125.0,-1125.0,13
whole,radiant,15,36,-6125.0,-875.0,8
whole,radiant,15,37,-6125.0,-625.0,16
whole,radiant,15,38,-6125.0,-375.0,64
whole,radiant,15,39,-6125.0,-125.0,11
whole,radiant,15,40,-6125.0,125.0,16
whole,radiant,16,21,-5875.0,-4625.0,6
whole,radiant,16,24,-5875.0,-3875.0,1
whole,radiant,16,25,-5875.0,-3625.0,3
whole,radiant,16,26,-5875.0,-3375.0,8
whole,radiant,16,27,-5875.0,-3125.0,6
whole,radiant,16,28,-5875.0,-2875.0,6
whole,radiant,16,29,-5875.0,-2625.0,3
whole,radiant,16,30,-5875.0,-2375.0,4
whole,radiant,16,31,-5875.0,-2125.0,6
whole,radiant,16,32,-5875.0,-1875.0,8
whole,radiant,16,33,-5875.0,-1625.0,3
whole,radiant,16,34,-5875.0,-1375.0,7
whole,radiant,16,35,-5875.0,-1125.0,4
whole,radiant,16,36,-5875.0,-875.0,7
whole,radiant,16,37,-5875.0,-625.0,6
whole,radiant,16,38,-5875.0,-375.0,11
whole,radiant,16,39,-5875.0,-125.0,5
whole,radiant,16,40,-5875.0,125.0,17
whole,radiant,17,15,-5625.0,-6125.0,2
whole,radiant,17,17,-5625.0,-5625.0,2
whole,radiant,17,21,-5625.0,-4625.0,3
whole,radiant,17,22,-5625.0,-4375.0,2
whole,radiant,17,23,-5625.0,-4125.0,4
whole,radiant,17,24,-5625.0,-3875.0,2
whole,radiant,17,25,-5625.0,-3625.0,3
whole,radiant,17,26,-5625.0,-3375.0,2
whole,radiant,17,27,-5625.0,-3125.0,1
whole,radiant,17,28,-5625.0,-2875.0,2
whole,radiant,17,29,-5625.0,-2625.0,2
whole,radiant,17,31,-5625.0,-2125.0,1
whole,radiant,17,32,-5625.0,-1875.0,6
whole,radiant,17,33,-5625.0,-1625.0,2
whole,radiant,17,34,-5625.0,-1375.0,10
whole,radiant,17,35,-5625.0,-1125.0,5
whole,radiant,17,37,-5625.0,-625.0,1
whole,radiant,17,39,-5625.0,-125.0,3
whole,radiant,17,40,-5625.0,125.0,5
whole,radiant,18,15,-5375.0,-6125.0,1
whole,radiant,18,16,-5375.0,-5875.0,2
whole,radiant,18,18,-5375.0,-5375.0,4
whole,radiant,18,19,-5375.0,-5125.0,6
whole,radiant,18,20,-5375.0,-4875.0,12
whole,radiant,18,21,-5375.0,-4625.0,11
whole,radiant,18,22,-5375.0,-4375.0,5
whole,radiant,18,23,-5375.0,-4125.0,1
whole,radiant,18,27,-5375.0,-3125.0,1
whole,radiant,18,29,-5375.0,-2625.0,1
whole,radiant,18,31,-5375.0,-2125.0,1
whole,radiant,18,33,-5375.0,-1625.0,1
whole,radiant,18,34,-5375.0,-1375.0,6
whole,radiant,18,38,-5375.0,-375.0,1
whole,radiant,18,39,-5375.0,-125.0,1
whole,radiant,18,40,-5375.0,125.0,4
whole,radiant,19,17,-5125.0,-5625.0,4
whole,radiant,19,18,-5125.0,-5375.0,4
whole,radiant,19,19,-5125.0,-5125.0,3
whole,radiant,19,20,-5125.0,-4875.0,2
whole,radiant,19,21,-5125.0,-4625.0,7
whole,radiant,19,22,-5125.0,-4375.0,4
whole,radiant,19,23,-5125.0,-4125.0,3
whole,radiant,19,25,-5125.0,-3625.0,1
whole,radiant,19,26,-5125.0,-3375.0,1
whole,radiant,19,28,-5125.0,-2875.0,1
whole,radiant,19,29,-5125.0,-2625.0,1
whole,radiant,19,30,-5125.0,-2375.0,3
whole,radiant,19,31,-5125.0,-2125.0,3
whole,radiant,19,32,-5125.0,-1875.0,2
whole,radiant,19,33,-5125.0,-1625.0,2
whole,radiant,19,34,-5125.0,-1375.0,9
whole,radiant,19,35,-5125.0,-1125.0,28
whole,radiant,19,36,-5125.0,-875.0,20
whole,radiant,19,37,-5125.0,-625.0,3
whole,radiant,19,38,-5125.0,-375.0,6
whole,radiant,19,39,-5125.0,-125.0,6
whole,radiant,19,40,-5125.0,125.0,12
whole,radiant,20,15,-4875.0,-6125.0,3
whole,radiant,20,16,-4875.0,-5875.0,1
whole,radiant,20,17,-4875.0,-5625.0,4
whole,radiant,20,18,-4875.0,-5375.0,1
whole,radiant,20,19,-4875.0,-5125.0,6
whole,radiant,20,20,-4875.0,-4875.0,6
whole,radiant,20,21,-4875.0,-4625.0,3
whole,radiant,20,22,-4875.0,-4375.0,10
whole,radiant,20,25,-4875.0,-3625.0,5
whole,radiant,20,26,-4875.0,-3375.0,3
whole,radiant,20,30,-4875.0,-2375.0,1
whole,radiant,20,31,-4875.0,-2125.0,1
whole,radiant,20,32,-4875.0,-1875.0,1
whole,radiant,20,34,-4875.0,-1375.0,6
whole,radiant,20,35,-4875.0,-1125.0,25
whole,radiant,20,36,-4875.0,-875.0,209
whole,radiant,20,37,-4875.0,-625.0,283
whole,radiant,20,38,-4875.0,-375.0,180
whole,radiant,20,39,-4875.0,-125.0,226
whole,radiant,20,40,-4875.0,125.0,7103
whole,radiant,21,14,-4625.0,-6375.0,1
whole,radiant,21,15,-4625.0,-6125.0,2
whole,radiant,21,16,-4625.0,-5875.0,1
whole,radiant,21,17,-4625.0,-5625.0,3
whole,radiant,21,18,-4625.0,-5375.0,2
whole,radiant,21,19,-4625.0,-5125.0,2
whole,radiant,21,21,-4625.0,-4625.0,3
whole,radiant,21,22,-4625.0,-4375.0,2
whole,radiant,21,23,-4625.0,-4125.0,6
whole,radiant,21,24,-4625.0,-3875.0,2
whole,radiant,21,25,-4625.0,-3625.0,5
whole,radiant,21,26,-4625.0,-3375.0,1
whole,radiant,21,28,-4625.0,-2875.0,1
whole,radiant,21,29,-4625.0,-2625.0,1
whole,radiant,21,30,-4625.0,-2375.0,1
whole,radiant,21,31,-4625.0,-2125.0,3
whole,radiant,21,32,-4625.0,-1875.0,2
whole,radiant,21,34,-4625.0,-1375.0,5
whole,radiant,21,35,-4625.0,-1125.0,15
whole,radiant,21,36,-4625.0,-875.0,62
whole,radiant,21,37,-4625.0,-625.0,347
whole,radiant,21,38,-4625.0,-375.0,903
whole,radiant,21,39,-4625.0,-125.0,2006
whole,radiant,21,40,-4625.0,125.0,12287
whole,radiant,22,14,-4375.0,-6375.0,1
whole,radiant,22,15,-4375.0,-6125.0,5
whole,radiant,22,16,-4375.0,-5875.0,3
whole,radiant,22,17,-4375.0,-5625.0,2
whole,radiant,22,18,-4375.0,-5375.0,1
whole,radiant,22,19,-4375.0,-5125.0,1
whole,radiant,22,21,-4375.0,-4625.0,6
whole,radiant,22,23,-4375.0,-4125.0,14
whole,radiant,22,24,-4375.0,-3875.0,4
whole,radiant,22,25,-4375.0,-3625.0,4
whole,radiant,22,26,-4375.0,-3375.0,3
whole,radiant,22,28,-4375.0,-2875.0,1
whole,radiant,22,29,-4375.0,-2625.0,3
whole,radiant,22,32,-4375.0,-1875.0,1
whole,radiant,22,34,-4375.0,-1375.0,2
whole,radiant,22,35,-4375.0,-1125.0,2
whole,radiant,22,37,-4375.0,-625.0,6
whole,radiant,22,38,-4375.0,-375.0,127
whole,radiant,22,39,-4375.0,-125.0,786
whole,radiant,22,40,-4375.0,125.0,2023
whole,radiant,23,13,-4125.0,-6625.0,1
whole,radiant,23,14,-4125.0,-6375.0,1
whole,radiant,23,16,-4125.0,-5875.0,2
whole,radiant,23,17,-4125.0,-5625.0,5
whole,radiant,23,18,-4125.0,-5375.0,1
whole,radiant,23,19,-4125.0,-5125.0,2
whole,radiant,23,20,-4125.0,-4875.0,1
whole,radiant,23,22,-4125.0,-4375.0,7
whole,radiant,23,23,-4125.0,-4125.0,15
whole,radiant,23,24,-4125.0,-3875.0,30
whole,radiant,23,25,-4125.0,-3625.0,26
whole,radiant,23,26,-4125.0,-3375.0,8
whole,radiant,23,27,-4125.0,-3125.0,4
whole,radiant,23,28,-4125.0,-2875.0,2
whole,radiant,23,29,-4125.0,-2625.0,4
whole,radiant,23,30,-4125.0,-2375.0,2
whole,radiant,23,31,-4125.0,-2125.0,1
whole,radiant,23,32,-4125.0,-1875.0,4
whole,radiant,23,33,-4125.0,-1625.0,7
whole,radiant,23,34,-4125.0,-1375.0,2
whole,radiant,23,35,-4125.0,-1125.0,1
whole,radiant,23,36,-4125.0,-875.0,1
whole,radiant,23,37,-4125.0,-625.0,6
whole,radiant,23,38,-4125.0,-375.0,40
whole,radiant,23,39,-4125.0,-125.0,256
whole,radiant,23,40,-4125.0,125.0,468
whole,radiant,24,13,-3875.0,-6625.0,1
whole,radiant,24,15,-3875.0,-6125.0,11
whole,radiant,24,16,-3875.0,-5875.0,19
whole,radiant,24,17,-3875.0,-5625.0,11
whole,radiant,24,18,-3875.0,-5375.0,2
whole,radiant,24,19,-3875.0,-5125.0,1
whole,radiant,24,20,-3875.0,-4875.0,1
whole,radiant,24,22,-3875.0,-4375.0,1
whole,radiant,24,23,-3875.0,-4125.0,2
whole,radiant,24,24,-3875.0,-3875.0,3
whole,radiant,24,25,-3875.0,-3625.0,14
whole,radiant,24,26,-3875.0,-3375.0,15
whole,radiant,24,27,-3875.0,-3125.0,6
whole,radiant,24,28,-3875.0,-2875.0,2
whole,radiant,24,29,-3875.0,-2625.0,2
whole,radiant,24,32,-3875.0,-1875.0,1
whole,radiant,24,33,-3875.0,-1625.0,1
whole,radiant,24,34,-3875.0,-1375.0,2
whole,radiant,24,35,-3875.0,-1125.0,2
whole,radiant,24,37,-3875.0,-625.0,6
whole,radiant,24,38,-3875.0,-375.0,106
whole,radiant,24,39,-3875.0,-125.0,51
whole,radiant,24,40,-3875.0,125.0,126
whole,radiant,25,15,-3625.0,-6125.0,11
whole,radiant,25,16,-3625.0,-5875.0,17
whole,radiant,25,17,-3625.0,-5625.0,14
whole,radiant,25,18,-3625.0,-5375.0,6
whole,radiant,25,25,-3625.0,-3625.0,1
whole,radiant,25,26,-3625.0,-3375.0,7
whole,radiant,25,27,-3625.0,-3125.0,9
whole,radiant,25,28,-3625.0,-2875.0,4
whole,radiant,25,29,-3625.0,-2625.0,2
whole,radiant,25,30,-3625.0,-2375.0,1
whole,radiant,25,31,-3625.0,-2125.0,6
whole,radiant,25,32,-3625.0,-1875.0,1
whole,radiant,25,34,-3625.0,-1375.0,3
whole,radiant,25,35,-3625.0,-1125.0,3
whole,radiant,25,36,-3625.0,-875.0,2
whole,radiant,25,37,-3625.0,-625.0,13
whole,radiant,25,38,-3625.0,-375.0,52
whole,radiant,25,39,-3625.0,-125.0,41
whole,radiant,25,40,-3625.0,125.0,118
whole,radiant,26,13,-3375.0,-6625.0,3
whole,radiant,26,15,-3375.0,-6125.0,14
whole,radiant,26,16,-3375.0,-5875.0,80
whole,radiant,26,17,-3375.0,-5625.0,14
whole,radiant,26,18,-3375.0,-5375.0,2
whole,radiant,26,19,-3375.0,-5125.0,1
whole,radiant,26,24,-3375.0,-3875.0,2
whole,radiant,26,26,-3375.0,-3375.0,4
whole,radiant,26,27,-3375.0,-3125.0,11
whole,radiant,26,28,-3375.0,-2875.0,14
whole,radiant,26,29,-3375.0,-2625.0,3
whole,radiant,26,30,-3375.0,-2375.0,3
whole,radiant,26,32,-3375.0,-1875.0,6
whole,radiant,26,34,-3375.0,-1375.0,1
whole,radiant,26,35,-3375.0,-1125.0,1
whole,radiant,26,36,-3375.0,-875.0,7
whole,radiant,26,37,-3375.0,-625.0,13
whole,radiant,26,38,-3375.0,-375.0,3
whole,radiant,26,39,-3375.0,-125.0,19
whole,radiant,26,40,-3375.0,125.0,60
whole,radiant,27,7,-3125.0,-8125.0,1
whole,radiant,27,10,-3125.0,-7375.0,24
whole,radiant,27,11,-3125.0,-7125.0,12
whole,radiant,27,14,-3125.0,-6375.0,3
whole,radiant,27,15,-3125.0,-6125.0,5
whole,radiant,27,16,-3125.0,-5875.0,17
whole,radiant,27,17,-3125.0,-5625.0,10
whole,radiant,27,18,-3125.0,-5375.0,5
whole,radiant,27,19,-3125.0,-5125.0,1
whole,radiant,27,24,-3125.0,-3875.0,5
whole,radiant,27,25,-3125.0,-3625.0,2
whole,radiant,27,26,-3125.0,-3375.0,5
whole,radiant,27,27,-3125.0,-3125.0,3
whole,radiant,27,28,-3125.0,-2875.0,12
whole,radiant,27,29,-3125.0,-2625.0,15
whole,radiant,27,30,-3125.0,-2375.0,16
whole,radiant,27,32,-3125.0,-1875.0,5
whole,radiant,27,35,-3125.0,-1125.0,1
whole,radiant,27,36,-3125.0,-875.0,7
whole,radiant,27,37,-3125.0,-625.0,8
whole,radiant,27,38,-3125.0,-375.0,6
whole,radiant,27,39,-3125.0,-125.0,11
whole,radiant,27,40,-3125.0,125.0,57
whole,radiant,28,4,-2875.0,-8875.0,2
whole,radiant,28,5,-2875.0,-8625.0,1
whole,radiant,28,8,-2875.0,-7875.0,1
whole,radiant,28,9,-2875.0,-7625.0,1
whole,radiant,28,10,-2875.0,-7375.0,143
whole,radiant,28,11,-2875.0,-7125.0,5
whole,radiant,28,12,-2875.0,-6875.0,2
whole,radiant,28,15,-2875.0,-6125.0,10
whole,radiant,28,16,-2875.0,-5875.0,8
whole,radiant,28,17,-2875.0,-5625.0,8
whole,radiant,28,18,-2875.0,-5375.0,2
whole,radiant,28,20,-2875.0,-4875.0,3
whole,radiant,28,21,-2875.0,-4625.0,6
whole,radiant,28,22,-2875.0,-4375.0,2
whole,radiant,28,23,-2875.0,-4125.0,1
whole,radiant,28,24,-2875.0,-3875.0,4
whole,radiant,28,25,-2875.0,-3625.0,4
whole,radiant,28,27,-2875.0,-3125.0,3
whole,radiant,28,28,-2875.0,-2875.0,14
whole,radiant,28,29,-2875.0,-2625.0,24
whole,radiant,28,30,-2875.0,-2375.0,36
whole,radiant,28,31,-2875.0,-2125.0,8
whole,radiant,28,32,-2875.0,-1875.0,8
whole,radiant,28,33,-2875.0,-1625.0,3
whole,radiant,28,34,-2875.0,-1375.0,5
whole,radiant,28,35,-2875.0,-1125.0,6
whole,radiant,28,36,-2875.0,-875.0,5
whole,radiant,28,37,-2875.0,-625.0,1
whole,radiant,28,38,-2875.0,-375.0,1
whole,radiant,28,39,-2875.0,-125.0,4
whole,radiant,28,40,-2875.0,125.0,30
whole,radiant,29,4,-2625.0,-8875.0,1
whole,radiant,29,5,-2625.0,-8625.0,1
whole,radiant,29,8,-2625.0,-7875.0,7
whole,radiant,29,9,-2625.0,-7625.0,353
whole,radiant,29,10,-2625.0,-7375.0,137
whole,radiant,29,11,-2625.0,-7125.0,6
whole,radiant,29,12,-2625.0,-6875.0,10
whole,radiant,29,13,-2625.0,-6625.0,5
whole,radiant,29,14,-2625.0,-6375.0,1
whole,radiant,29,15,-2625.0,-6125.0,24
whole,radiant,29,16,-2625.0,-5875.0,16
whole,radiant,29,17,-2625.0,-5625.0,3
whole,radiant,29,18,-2625.0,-5375.0,3
whole,radiant,29,19,-2625.0,-5125.0,8
whole,radiant,29,20,-2625.0,-4875.0,18
whole,radiant,29,21,-2625.0,-4625.0,11
whole,radiant,29,22,-2625.0,-4375.0,10
whole,radiant,29,23,-2625.0,-4125.0,3
whole,radiant,29,24,-2625.0,-3875.0,10
whole,radiant,29,25,-2625.0,-3625.0,1
whole,radiant,29,26,-2625.0,-3375.0,2
whole,radiant,29,27,-2625.0,-3125.0,1
whole,radiant,29,28,-2625.0,-2875.0,2
whole,radiant,29,29,-2625.0,-2625.0,42
whole,radiant,29,30,-2625.0,-2375.0,27
whole,radiant,29,31,-2625.0,-2125.0,20
whole,radiant,29,32,-2625.0,-1875.0,9
whole,radiant,29,33,-2625.0,-1625.0,4
whole,radiant,29,34,-2625.0,-1375.0,4
whole,radiant,29,35,-2625.0,-1125.0,6
whole,radiant,29,39,-2625.0,-125.0,10
whole,radiant,29,40,-2625.0,125.0,16
whole,radiant,30,5,-2375.0,-8625.0,1
whole,radiant,30,6,-2375.0,-8375.0,15
whole,radiant,30,7,-2375.0,-8125.0,350
whole,radiant,30,8,-2375.0,-7875.0,917
whole,radiant,30,9,-2375.0,-7625.0,924
whole,radiant,30,10,-2375.0,-7375.0,67
whole,radiant,30,11,-2375.0,-7125.0,37
whole,radiant,30,12,-2375.0,-6875.0,2
whole,radiant,30,14,-2375.0,-6375.0,1
whole,radiant,30,15,-2375.0,-6125.0,22
whole,radiant,30,16,-2375.0,-5875.0,21
whole,radiant,30,17,-2375.0,-5625.0,6
whole,radiant,30,18,-2375.0,-5375.0,6
whole,radiant,30,19,-2375.0,-5125.0,19
whole,radiant,30,20,-2375.0,-4875.0,34
whole,radiant,30,21,-2375.0,-4625.0,45
whole,radiant,30,22,-2375.0,-4375.0,19
whole,radiant,30,23,-2375.0,-4125.0,26
whole,radiant,30,24,-2375.0,-3875.0,7
whole,radiant,30,25,-2375.0,-3625.0,4
whole,radiant,30,26,-2375.0,-3375.0,8
whole,radiant,30,27,-2375.0,-3125.0,1
whole,radiant,30,28,-2375.0,-2875.0,2
whole,radiant,30,29,-2375.0,-2625.0,4
whole,radiant,30,30,-2375.0,-2375.0,8
whole,radiant,30,31,-2375.0,-2125.0,26
whole,radiant,30,32,-2375.0,-1875.0,39
whole,radiant,30,33,-2375.0,-1625.0,16
whole,radiant,30,34,-2375.0,-1375.0,14
whole,radiant,30,35,-2375.0,-1125.0,10
whole,radiant,30,36,-2375.0,-875.0,7
whole,radiant,30,38,-2375.0,-375.0,1
whole,radiant,30,39,-2375.0,-125.0,5
whole,radiant,30,40,-2375.0,125.0,10
whole,radiant,31,5,-2125.0,-8625.0,3
whole,radiant,31,6,-2125.0,-8375.0,67
whole,radiant,31,7,-2125.0,-8125.0,9287
whole,radiant,31,8,-2125.0,-7875.0,3860
whole,radiant,31,9,-2125.0,-7625.0,1416
whole,radiant,31,10,-2125.0,-7375.0,210
whole,radiant,31,11,-2125.0,-7125.0,5
whole,radiant,31,12,-2125.0,-6875.0,1
whole,radiant,31,14,-2125.0,-6375.0,3
whole,radiant,31,15,-2125.0,-6125.0,14
whole,radiant,31,16,-2125.0,-5875.0,25
whole,radiant,31,17,-2125.0,-5625.0,8
whole,radiant,31,18,-2125.0,-5375.0,18
whole,radiant,31,19,-2125.0,-5125.0,46
whole,radiant,31,20,-2125.0,-4875.0,51
whole,radiant,31,21,-2125.0,-4625.0,128
whole,radiant,31,22,-2125.0,-4375.0,92
whole,radiant,31,23,-2125.0,-4125.0,42
whole,radiant,31,24,-2125.0,-3875.0,12
whole,radiant,31,25,-2125.0,-3625.0,44
whole,radiant,31,26,-2125.0,-3375.0,89
whole,radiant,31,27,-2125.0,-3125.0,12
whole,radiant,31,28,-2125.0,-2875.0,11
whole,radiant,31,29,-2125.0,-2625.0,11
whole,radiant,31,30,-2125.0,-2375.0,7
whole,radiant,31,31,-2125.0,-2125.0,19
whole,radiant,31,32,-2125.0,-1875.0,36
whole,radiant,31,33,-2125.0,-1625.0,29
whole,radiant,31,34,-2125.0,-1375.0,23
whole,radiant,31,35,-2125.0,-1125.0,6
whole,radiant,31,36,-2125.0,-875.0,3
whole,radiant,31,37,-2125.0,-625.0,2
whole,radiant,31,38,-2125.0,-375.0,4
whole,radiant,31,39,-2125.0,-125.0,4
whole,radiant,31,40,-2125.0,125.0,4
whole,radiant,32,3,-1875.0,-9125.0,1
whole,radiant,32,4,-1875.0,-8875.0,1
whole,radiant,32,6,-1875.0,-8375.0,3
whole,radiant,32,7,-1875.0,-8125.0,1466
whole,radiant,32,8,-1875.0,-7875.0,2657
whole,radiant,32,9,-1875.0,-7625.0,493
whole,radiant,32,10,-1875.0,-7375.0,130
whole,radiant,32,11,-1875.0,-7125.0,1
whole,radiant,32,14,-1875.0,-6375.0,4
whole,radiant,32,15,-1875.0,-6125.0,24
whole,radiant,32,16,-1875.0,-5875.0,22
whole,radiant,32,17,-1875.0,-5625.0,1
whole,radiant,32,18,-1875.0,-5375.0,33
whole,radiant,32,19,-1875.0,-5125.0,155
whole,radiant,32,20,-1875.0,-4875.0,201
whole,radiant,32,21,-1875.0,-4625.0,3387
whole,radiant,32,22,-1875.0,-4375.0,684
whole,radiant,32,23,-1875.0,-4125.0,76
whole,radiant,32,24,-1875.0,-3875.0,46
whole,radiant,32,25,-1875.0,-3625.0,144
whole,radiant,32,26,-1875.0,-3375.0,441
whole,radiant,32,27,-1875.0,-3125.0,150
whole,radiant,32,28,-1875.0,-2875.0,109
whole,radiant,32,29,-1875.0,-2625.0,24
whole,radiant,32,30,-1875.0,-2375.0,3
whole,radiant,32,31,-1875.0,-2125.0,5
whole,radiant,32,32,-1875.0,-1875.0,24
whole,radiant,32,33,-1875.0,-1625.0,54
whole,radiant,32,34,-1875.0,-1375.0,23
whole,radiant,32,35,-1875.0,-1125.0,24
whole,radiant,32,36,-1875.0,-875.0,7
whole,radiant,32,37,-1875.0,-625.0,4
whole,radiant,32,38,-1875.0,-375.0,5
whole,radiant,32,39,-1875.0,-125.0,5
whole,radiant,32,40,-1875.0,125.0,5
whole,radiant,33,4,-1625.0,-8875.0,1
whole,radiant,33,5,-1625.0,-8625.0,1
whole,radiant,33,6,-1625.0,-8375.0,12
whole,radiant,33,7,-1625.0,-8125.0,633
whole,radiant,33,8,-1625.0,-7875.0,780
whole,radiant,33,9,-1625.0,-7625.0,848
whole,radiant,33,10,-1625.0,-7375.0,127
whole,radiant,33,11,-1625.0,-7125.0,7
whole,radiant,33,14,-1625.0,-6375.0,3
whole,radiant,33,15,-1625.0,-6125.0,15
whole,radiant,33,16,-1625.0,-5875.0,18
whole,radiant,33,17,-1625.0,-5625.0,9
whole,radiant,33,18,-1625.0,-5375.0,14
whole,radiant,33,19,-1625.0,-5125.0,306
whole,radiant,33,20,-1625.0,-4875.0,616
whole,radiant,33,21,-1625.0,-4625.0,12412
whole,radiant,33,22,-1625.0,-4375.0,8357
whole,radiant,33,23,-1625.0,-4125.0,1331
whole,radiant,33,24,-1625.0,-3875.0,774
whole,radiant,33,25,-1625.0,-3625.0,569
whole,radiant,33,26,-1625.0,-3375.0,1855
whole,radiant,33,27,-1625.0,-3125.0,1134
whole,radiant,33,28,-1625.0,-2875.0,181
whole,radiant,33,29,-1625.0,-2625.0,41
whole,radiant,33,30,-1625.0,-2375.0,13
whole,radiant,33,31,-1625.0,-2125.0,10
whole,radiant,33,32,-1625.0,-1875.0,6
whole,radiant,33,33,-1625.0,-1625.0,28
whole,radiant,33,34,-1625.0,-1375.0,35
whole,radiant,33,35,-1625.0,-1125.0,44
whole,radiant,33,36,-1625.0,-875.0,9
whole,radiant,33,37,-1625.0,-625.0,2
whole,radiant,33,38,-1625.0,-375.0,1
whole,radiant,33,39,-1625.0,-125.0,2
whole,radiant,33,40,-1625.0,125.0,5
whole,radiant,34,6,-1375.0,-8375.0,3
whole,radiant,34,7,-1375.0,-8125.0,259
whole,radiant,34,8,-1375.0,-7875.0,246
whole,radiant,34,9,-1375.0,-7625.0,809
whole,radiant,34,10,-1375.0,-7375.0,197
whole,radiant,34,11,-1375.0,-7125.0,28
whole,radiant,34,12,-1375.0,-6875.0,1
whole,radiant,34,13,-1375.0,-6625.0,1
whole,radiant,34,14,-1375.0,-6375.0,2
whole,radiant,34,15,-1375.0,-6125.0,15
whole,radiant,34,16,-1375.0,-5875.0,2
whole,radiant,34,17,-1375.0,-5625.0,9
whole,radiant,34,18,-1375.0,-5375.0,36
whole,radiant,34,19,-1375.0,-5125.0,180
whole,radiant,34,20,-1375.0,-4875.0,1207
whole,radiant,34,21,-1375.0,-4625.0,2553
whole,radiant,34,22,-1375.0,-4375.0,4916
whole,radiant,34,23,-1375.0,-4125.0,5924
whole,radiant,34,24,-1375.0,-3875.0,4154
whole,radiant,34,25,-1375.0,-3625.0,4733
whole,radiant,34,26,-1375.0,-3375.0,5332
whole,radiant,34,27,-1375.0,-3125.0,5281
whole,radiant,34,28,-1375.0,-2875.0,191
whole,radiant,34,29,-1375.0,-2625.0,62
whole,radiant,34,30,-1375.0,-2375.0,11
whole,radiant,34,31,-1375.0,-2125.0,5
whole,radiant,34,32,-1375.0,-1875.0,7
whole,radiant,34,33,-1375.0,-1625.0,18
whole,radiant,34,34,-1375.0,-1375.0,44
whole,radiant,34,35,-1375.0,-1125.0,55
whole,radiant,34,36,-1375.0,-875.0,86
whole,radiant,34,37,-1375.0,-625.0,15
whole,radiant,34,38,-1375.0,-375.0,8
whole,radiant,34,39,-1375.0,-125.0,7
whole,radiant,34,40,-1375.0,125.0,6
whole,radiant,35,7,-1125.0,-8125.0,110
whole,radiant,35,8,-1125.0,-7875.0,179
whole,radiant,35,9,-1125.0,-7625.0,1138
whole,radiant,35,10,-1125.0,-7375.0,436
whole,radiant,35,11,-1125.0,-7125.0,69
whole,radiant,35,12,-1125.0,-6875.0,8
whole,radiant,35,13,-1125.0,-6625.0,1
whole,radiant,35,14,-1125.0,-6375.0,1
whole,radiant,35,15,-1125.0,-6125.0,20
whole,radiant,35,16,-1125.0,-5875.0,14
whole,radiant,35,18,-1125.0,-5375.0,13
whole,radiant,35,19,-1125.0,-5125.0,166
whole,radiant,35,20,-1125.0,-4875.0,249
whole,radiant,35,21,-1125.0,-4625.0,695
whole,radiant,35,22,-1125.0,-4375.0,728
whole,radiant,35,23,-1125.0,-4125.0,38
whole,radiant,35,24,-1125.0,-3875.0,230
whole,radiant,35,25,-1125.0,-3625.0,1566
whole,radiant,35,26,-1125.0,-3375.0,4586
whole,radiant,35,27,-1125.0,-3125.0,11854
whole,radiant,35,28,-1125.0,-2875.0,265
whole,radiant,35,29,-1125.0,-2625.0,118
whole,radiant,35,30,-1125.0,-2375.0,32
whole,radiant,35,31,-1125.0,-2125.0,7
whole,radiant,35,32,-1125.0,-1875.0,6
whole,radiant,35,33,-1125.0,-1625.0,10
whole,radiant,35,34,-1125.0,-1375.0,69
whole,radiant,35,35,-1125.0,-1125.0,104
whole,radiant,35,36,-1125.0,-875.0,77
whole,radiant,35,37,-1125.0,-625.0,29
whole,radiant,35,38,-1125.0,-375.0,13
whole,radiant,35,39,-1125.0,-125.0,7
whole,radiant,35,40,-1125.0,125.0,2
whole,radiant,36,6,-875.0,-8375.0,1
whole,radiant,36,7,-875.0,-8125.0,25
whole,radiant,36,8,-875.0,-7875.0,369
whole,radiant,36,9,-875.0,-7625.0,2400
whole,radiant,36,10,-875.0,-7375.0,713
whole,radiant,36,11,-875.0,-7125.0,65
whole,radiant,36,12,-875.0,-6875.0,11
whole,radiant,36,13,-875.0,-6625.0,3
whole,radiant,36,14,-875.0,-6375.0,1
whole,radiant,36,15,-875.0,-6125.0,14
whole,radiant,36,16,-875.0,-5875.0,5
whole,radiant,36,17,-875.0,-5625.0,1
whole,radiant,36,18,-875.0,-5375.0,4
whole,radiant,36,19,-875.0,-5125.0,15
whole,radiant,36,20,-875.0,-4875.0,26
whole,radiant,36,21,-875.0,-4625.0,181
whole,radiant,36,22,-875.0,-4375.0,173
whole,radiant,36,24,-875.0,-3875.0,33
whole,radiant,36,25,-875.0,-3625.0,446
whole,radiant,36,26,-875.0,-3375.0,1686
whole,radiant,36,27,-875.0,-3125.0,587
whole,radiant,36,28,-875.0,-2875.0,290
whole,radiant,36,29,-875.0,-2625.0,99
whole,radiant,36,30,-875.0,-2375.0,28
whole,radiant,36,31,-875.0,-2125.0,12
whole,radiant,36,32,-875.0,-1875.0,15
whole,radiant,36,33,-875.0,-1625.0,10
whole,radiant,36,34,-875.0,-1375.0,6
whole,radiant,36,35,-875.0,-1125.0,21
whole,radiant,36,36,-875.0,-875.0,41
whole,radiant,36,37,-875.0,-625.0,55
whole,radiant,36,38,-875.0,-375.0,24
whole,radiant,36,39,-875.0,-125.0,1
whole,radiant,37,7,-625.0,-8125.0,19
whole,radiant,37,8,-625.0,-7875.0,327
whole,radiant,37,9,-625.0,-7625.0,3317
whole,radiant,37,10,-625.0,-7375.0,7247
whole,radiant,37,11,-625.0,-7125.0,63
whole,radiant,37,12,-625.0,-6875.0,18
whole,radiant,37,13,-625.0,-6625.0,5
whole,radiant,37,14,-625.0,-6375.0,1
whole,radiant,37,15,-625.0,-6125.0,17
whole,radiant,37,16,-625.0,-5875.0,15
whole,radiant,37,17,-625.0,-5625.0,8
whole,radiant,37,18,-625.0,-5375.0,9
whole,radiant,37,19,-625.0,-5125.0,15
whole,radiant,37,20,-625.0,-4875.0,41
whole,radiant,37,21,-625.0,-4625.0,68
whole,radiant,37,22,-625.0,-4375.0,22
whole,radiant,37,23,-625.0,-4125.0,10
whole,radiant,37,24,-625.0,-3875.0,70
whole,radiant,37,25,-625.0,-3625.0,207
whole,radiant,37,26,-625.0,-3375.0,260
whole,radiant,37,27,-625.0,-3125.0,256
whole,radiant,37,28,-625.0,-2875.0,121
whole,radiant,37,29,-625.0,-2625.0,27
whole,radiant,37,30,-625.0,-2375.0,8
whole,radiant,37,31,-625.0,-2125.0,7
whole,radiant,37,32,-625.0,-1875.0,6
whole,radiant,37,33,-625.0,-1625.0,3
whole,radiant,37,35,-625.0,-1125.0,11
whole,radiant,37,36,-625.0,-875.0,11
whole,radiant,37,37,-625.0,-625.0,67
whole,radiant,37,38,-625.0,-375.0,75
whole,radiant,37,39,-625.0,-125.0,16
whole,radiant,37,40,-625.0,125.0,9
whole,radiant,38,7,-375.0,-8125.0,6
whole,radiant,38,8,-375.0,-7875.0,229
whole,radiant,38,9,-375.0,-7625.0,3473
whole,radiant,38,10,-375.0,-7375.0,9693
whole,radiant,38,11,-375.0,-7125.0,107
whole,radiant,38,12,-375.0,-6875.0,30
whole,radiant,38,13,-375.0,-6625.0,2
whole,radiant,38,14,-375.0,-6375.0,5
whole,radiant,38,15,-375.0,-6125.0,15
whole,radiant,38,16,-375.0,-5875.0,28
whole,radiant,38,17,-375.0,-5625.0,7
whole,radiant,38,18,-375.0,-5375.0,7
whole,radiant,38,19,-375.0,-5125.0,19
whole,radiant,38,20,-375.0,-4875.0,121
whole,radiant,38,21,-375.0,-4625.0,297
whole,radiant,38,22,-375.0,-4375.0,41
whole,radiant,38,23,-375.0,-4125.0,22
whole,radiant,38,24,-375.0,-3875.0,25
whole,radiant,38,25,-375.0,-3625.0,37
whole,radiant,38,26,-375.0,-3375.0,57
whole,radiant,38,27,-375.0,-3125.0,40
whole,radiant,38,28,-375.0,-2875.0,14
whole,radiant,38,29,-375.0,-2625.0,10
whole,radiant,38,30,-375.0,-2375.0,7
whole,radiant,38,31,-375.0,-2125.0,5
whole,radiant,38,32,-375.0,-1875.0,3
whole,radiant,38,33,-375.0,-1625.0,3
whole,radiant,38,34,-375.0,-1375.0,6
whole,radiant,38,35,-375.0,-1125.0,12
whole,radiant,38,36,-375.0,-875.0,18
whole,radiant,38,37,-375.0,-625.0,30
whole,radiant,38,38,-375.0,-375.0,54
whole,radiant,38,39,-375.0,-125.0,67
whole,radiant,38,40,-375.0,125.0,19
whole,radiant,39,6,-125.0,-8375.0,1
whole,radiant,39,7,-125.0,-8125.0,2
whole,radiant,39,8,-125.0,-7875.0,178
whole,radiant,39,9,-125.0,-7625.0,1274
whole,radiant,39,10,-125.0,-7375.0,655
whole,radiant,39,11,-125.0,-7125.0,79
whole,radiant,39,12,-125.0,-6875.0,10
whole,radiant,39,13,-125.0,-6625.0,5
whole,radiant,39,14,-125.0,-6375.0,11
whole,radiant,39,15,-125.0,-6125.0,12
whole,radiant,39,16,-125.0,-5875.0,13
whole,radiant,39,17,-125.0,-5625.0,1
whole,radiant,39,18,-125.0,-5375.0,2
whole,radiant,39,19,-125.0,-5125.0,7
whole,radiant,39,20,-125.0,-4875.0,152
whole,radiant,39,21,-125.0,-4625.0,892
whole,radiant,39,22,-125.0,-4375.0,240
whole,radiant,39,23,-125.0,-4125.0,51
whole,radiant,39,24,-125.0,-3875.0,9
whole,radiant,39,25,-125.0,-3625.0,2
whole,radiant,39,26,-125.0,-3375.0,10
whole,radiant,39,27,-125.0,-3125.0,14
whole,radiant,39,28,-125.0,-2875.0,4
whole,radiant,39,31,-125.0,-2125.0,2
whole,radiant,39,32,-125.0,-1875.0,1
whole,radiant,39,33,-125.0,-1625.0,4
whole,radiant,39,34,-125.0,-1375.0,6
whole,radiant,39,35,-125.0,-1125.0,9
whole,radiant,39,36,-125.0,-875.0,6
whole,radiant,39,38,-125.0,-375.0,15
whole,radiant,39,39,-125.0,-125.0,74
whole,radiant,39,40,-125.0,125.0,55
whole,radiant,40,7,125.0,-8125.0,3
whole,radiant,40,8,125.0,-7875.0,61
whole,radiant,40,9,125.0,-7625.0,487
whole,radiant,40,10,125.0,-7375.0,135
whole,radiant,40,11,125.0,-7125.0,91
whole,radiant,40,12,125.0,-6875.0,29
whole,radiant,40,13,125.0,-6625.0,2
whole,radiant,40,14,125.0,-6375.0,4
whole,radiant,40,15,125.0,-6125.0,76
whole,radiant,40,16,125.0,-5875.0,45
whole,radiant,40,17,125.0,-5625.0,3
whole,radiant,40,18,125.0,-5375.0,2
whole,radiant,40,19,125.0,-5125.0,2
whole,radiant,40,20,125.0,-4875.0,556
whole,radiant,40,21,125.0,-4625.0,2201
whole,radiant,40,22,125.0,-4375.0,419
whole,radiant,40,23,125.0,-4125.0,44
whole,radiant,40,26,125.0,-3375.0,4
whole,radiant,40,27,125.0,-3125.0,2
whole,radiant,40,30,125.0,-2375.0,1
whole,radiant,40,31,125.0,-2125.0,1
whole,radiant,40,32,125.0,-1875.0,1
whole,radiant,40,33,125.0,-1625.0,5
whole,radiant,40,34,125.0,-1375.0,5
whole,radiant,40,35,125.0,-1125.0,6
whole,radiant,40,37,125.0,-625.0,4
whole,radiant,40,38,125.0,-375.0,12
whole,radiant,40,39,125.0,-125.0,32
whole,radiant,40,40,125.0,125.0,72
whole,dire,40,40,125.0,125.0,46
whole,dire,40,41,125.0,375.0,31
whole,dire,40,42,125.0,625.0,17
whole,dire,40,43,125.0,875.0,16
whole,dire,40,44,125.0,1125.0,9
whole,dire,40,45,125.0,1375.0,6
whole,dire,40,46,125.0,1625.0,6
whole,dire,40,47,125.0,1875.0,7
whole,dire,40,48,125.0,2125.0,15
whole,dire,40,49,125.0,2375.0,6
whole,dire,40,50,125.0,2625.0,7
whole,dire,40,51,125.0,2875.0,10
whole,dire,40,52,125.0,3125.0,16
whole,dire,40,53,125.0,3375.0,5
whole,dire,40,54,125.0,3625.0,1
whole,dire,40,55,125.0,3875.0,1
whole,dire,40,56,125.0,4125.0,38
whole,dire,40,57,125.0,4375.0,32
whole,dire,40,58,125.0,4625.0,61
whole,dire,40,59,125.0,4875.0,33
whole,dire,40,60,125.0,5125.0,10
whole,dire,40,61,125.0,5375.0,8
whole,dire,40,62,125.0,5625.0,11
whole,dire,40,63,125.0,5875.0,24
whole,dire,40,64,125.0,6125.0,16
whole,dire,40,65,125.0,6375.0,6
whole,dire,40,66,125.0,6625.0,1
whole,dire,40,67,125.0,6875.0,70
whole,dire,40,68,125.0,7125.0,527
whole,dire,40,69,125.0,7375.0,1352
whole,dire,40,70,125.0,7625.0,2438
whole,dire,40,71,125.0,7875.0,548
whole,dire,40,72,125.0,8125.0,1965
whole,dire,40,73,125.0,8375.0,1575
whole,dire,41,40,375.0,125.0,25
whole,dire,41,41,375.0,375.0,104
whole,dire,41,42,375.0,625.0,92
whole,dire,41,43,375.0,875.0,86
whole,dire,41,44,375.0,1125.0,7
whole,dire,41,45,375.0,1375.0,7
whole,dire,41,46,375.0,1625.0,5
whole,dire,41,47,375.0,1875.0,6
whole,dire,41,48,375.0,2125.0,30
whole,dire,41,49,375.0,2375.0,101
whole,dire,41,50,375.0,2625.0,41
whole,dire,41,51,375.0,2875.0,63
whole,dire,41,52,375.0,3125.0,78
whole,dire,41,53,375.0,3375.0,31
whole,dire,41,54,375.0,3625.0,20
whole,dire,41,55,375.0,3875.0,45
whole,dire,41,56,375.0,4125.0,192
whole,dire,41,57,375.0,4375.0,75
whole,dire,41,58,375.0,4625.0,33
whole,dire,41,59,375.0,4875.0,17
whole,dire,41,60,375.0,5125.0,4
whole,dire,41,61,375.0,5375.0,4
whole,dire,41,62,375.0,5625.0,2
whole,dire,41,63,375.0,5875.0,6
whole,dire,41,64,375.0,6125.0,5
whole,dire,41,65,375.0,6375.0,5
whole,dire,41,67,375.0,6875.0,16
whole,dire,41,68,375.0,7125.0,379
whole,dire,41,69,375.0,7375.0,2335
whole,dire,41,70,375.0,7625.0,13684
whole,dire,41,71,375.0,7875.0,1563
whole,dire,41,72,375.0,8125.0,459
whole,dire,41,73,375.0,8375.0,94
whole,dire,41,74,375.0,8625.0,1
whole,dire,42,40,625.0,125.0,28
whole,dire,42,41,625.0,375.0,84
whole,dire,42,42,625.0,625.0,40
whole,dire,42,43,625.0,875.0,35
whole,dire,42,44,625.0,1125.0,8
whole,dire,42,45,625.0,1375.0,4
whole,dire,42,46,625.0,1625.0,9
whole,dire,42,47,625.0,1875.0,22
whole,dire,42,48,625.0,2125.0,56
whole,dire,42,49,625.0,2375.0,172
whole,dire,42,50,625.0,2625.0,585
whole,dire,42,51,625.0,2875.0,717
whole,dire,42,52,625.0,3125.0,390
whole,dire,42,53,625.0,3375.0,177
whole,dire,42,54,625.0,3625.0,235
whole,dire,42,55,625.0,3875.0,489
whole,dire,42,56,625.0,4125.0,619
whole,dire,42,57,625.0,4375.0,266
whole,dire,42,58,625.0,4625.0,94
whole,dire,42,59,625.0,4875.0,9
whole,dire,42,60,625.0,5125.0,17
whole,dire,42,61,625.0,5375.0,2
whole,dire,42,62,625.0,5625.0,11
whole,dire,42,63,625.0,5875.0,8
whole,dire,42,64,625.0,6125.0,5
whole,dire,42,65,625.0,6375.0,2
whole,dire,42,66,625.0,6625.0,3
whole,dire,42,67,625.0,6875.0,64
whole,dire,42,68,625.0,7125.0,298
whole,dire,42,69,625.0,7375.0,2289
whole,dire,42,70,625.0,7625.0,749
whole,dire,42,71,625.0,7875.0,176
whole,dire,42,72,625.0,8125.0,195
whole,dire,42,73,625.0,8375.0,2
whole,dire,43,40,875.0,125.0,7
whole,dire,43,41,875.0,375.0,31
whole,dire,43,42,875.0,625.0,66
whole,dire,43,43,875.0,875.0,18
whole,dire,43,44,875.0,1125.0,8
whole,dire,43,45,875.0,1375.0,5
whole,dire,43,46,875.0,1625.0,19
whole,dire,43,47,875.0,1875.0,35
whole,dire,43,48,875.0,2125.0,92
whole,dire,43,49,875.0,2375.0,243
whole,dire,43,50,875.0,2625.0,2861
whole,dire,43,51,875.0,2875.0,2882
whole,dire,43,52,875.0,3125.0,809
whole,dire,43,53,875.0,3375.0,199
whole,dire,43,54,875.0,3625.0,273
whole,dire,43,55,875.0,3875.0,1612
whole,dire,43,56,875.0,4125.0,2109
whole,dire,43,57,875.0,4375.0,1254
whole,dire,43,58,875.0,4625.0,431
whole,dire,43,59,875.0,4875.0,135
whole,dire,43,60,875.0,5125.0,29
whole,dire,43,61,875.0,5375.0,5
whole,dire,43,62,875.0,5625.0,6
whole,dire,43,63,875.0,5875.0,22
whole,dire,43,64,875.0,6125.0,7
whole,dire,43,66,875.0,6625.0,2
whole,dire,43,67,875.0,6875.0,4
whole,dire,43,68,875.0,7125.0,58
whole,dire,43,69,875.0,7375.0,1037
whole,dire,43,70,875.0,7625.0,162
whole,dire,43,71,875.0,7875.0,9
whole,dire,43,72,875.0,8125.0,75
whole,dire,43,74,875.0,8625.0,1
whole,dire,44,40,1125.0,125.0,5
whole,dire,44,41,1125.0,375.0,13
whole,dire,44,42,1125.0,625.0,26
whole,dire,44,43,1125.0,875.0,47
whole,dire,44,44,1125.0,1125.0,17
whole,dire,44,45,1125.0,1375.0,24
whole,dire,44,46,1125.0,1625.0,19
whole,dire,44,47,1125.0,1875.0,80
whole,dire,44,48,1125.0,2125.0,199
whole,dire,44,49,1125.0,2375.0,779
whole,dire,44,50,1125.0,2625.0,16700
whole,dire,44,51,1125.0,2875.0,5866
whole,dire,44,52,1125.0,3125.0,2672
whole,dire,44,53,1125.0,3375.0,874
whole,dire,44,54,1125.0,3625.0,755
whole,dire,44,55,1125.0,3875.0,3325
whole,dire,44,56,1125.0,4125.0,14314
whole,dire,44,57,1125.0,4375.0,1775
whole,dire,44,58,1125.0,4625.0,139
whole,dire,44,59,1125.0,4875.0,18
whole,dire,44,60,1125.0,5125.0,15
whole,dire,44,61,1125.0,5375.0,15
whole,dire,44,62,1125.0,5625.0,7
whole,dire,44,63,1125.0,5875.0,13
whole,dire,44,64,1125.0,6125.0,4
whole,dire,44,66,1125.0,6625.0,5
whole,dire,44,68,1125.0,7125.0,14
whole,dire,44,69,1125.0,7375.0,476
whole,dire,44,70,1125.0,7625.0,344
whole,dire,44,71,1125.0,7875.0,19
whole,dire,44,72,1125.0,8125.0,62
whole,dire,44,75,1125.0,8875.0,1
whole,dire,45,40,1375.0,125.0,4
whole,dire,45,41,1375.0,375.0,9
whole,dire,45,42,1375.0,625.0,7
whole,dire,45,43,1375.0,875.0,47
whole,dire,45,44,1375.0,1125.0,20
whole,dire,45,45,1375.0,1375.0,14
whole,dire,45,46,1375.0,1625.0,11
whole,dire,45,47,1375.0,1875.0,8
whole,dire,45,48,1375.0,2125.0,236
whole,dire,45,49,1375.0,2375.0,646
whole,dire,45,50,1375.0,2625.0,3156
whole,dire,45,51,1375.0,2875.0,2221
whole,dire,45,52,1375.0,3125.0,2941
whole,dire,45,53,1375.0,3375.0,2969
whole,dire,45,54,1375.0,3625.0,5341
whole,dire,45,55,1375.0,3875.0,6606
whole,dire,45,56,1375.0,4125.0,5388
whole,dire,45,57,1375.0,4375.0,432
whole,dire,45,58,1375.0,4625.0,109
whole,dire,45,59,1375.0,4875.0,30
whole,dire,45,60,1375.0,5125.0,3
whole,dire,45,61,1375.0,5375.0,6
whole,dire,45,62,1375.0,5625.0,3
whole,dire,45,63,1375.0,5875.0,12
whole,dire,45,64,1375.0,6125.0,14
whole,dire,45,65,1375.0,6375.0,1
whole,dire,45,67,1375.0,6875.0,1
whole,dire,45,68,1375.0,7125.0,5
whole,dire,45,69,1375.0,7375.0,306
whole,dire,45,70,1375.0,7625.0,1567
whole,dire,45,71,1375.0,7875.0,67
whole,dire,45,72,1375.0,8125.0,90
whole,dire,45,73,1375.0,8375.0,4
whole,dire,45,75,1375.0,8875.0,1
whole,dire,46,40,1625.0,125.0,6
whole,dire,46,41,1625.0,375.0,1
whole,dire,46,42,1625.0,625.0,15
whole,dire,46,43,1625.0,875.0,17
whole,dire,46,44,1625.0,1125.0,37
whole,dire,46,45,1625.0,1375.0,18
whole,dire,46,46,1625.0,1625.0,14
whole,dire,46,47,1625.0,1875.0,47
whole,dire,46,48,1625.0,2125.0,39
whole,dire,46,49,1625.0,2375.0,384
whole,dire,46,50,1625.0,2625.0,756
whole,dire,46,51,1625.0,2875.0,232
whole,dire,46,52,1625.0,3125.0,31
whole,dire,46,53,1625.0,3375.0,151
whole,dire,46,54,1625.0,3625.0,775
whole,dire,46,55,1625.0,3875.0,807
whole,dire,46,56,1625.0,4125.0,165
whole,dire,46,57,1625.0,4375.0,79
whole,dire,46,58,1625.0,4625.0,41
whole,dire,46,59,1625.0,4875.0,12
whole,dire,46,60,1625.0,5125.0,1
whole,dire,46,61,1625.0,5375.0,3
whole,dire,46,62,1625.0,5625.0,7
whole,dire,46,63,1625.0,5875.0,18
whole,dire,46,64,1625.0,6125.0,10
whole,dire,46,65,1625.0,6375.0,4
whole,dire,46,66,1625.0,6625.0,4
whole,dire,46,67,1625.0,6875.0,6
whole,dire,46,68,1625.0,7125.0,43
whole,dire,46,69,1625.0,7375.0,138
whole,dire,46,70,1625.0,7625.0,2997
whole,dire,46,71,1625.0,7875.0,1265
whole,dire,46,72,1625.0,8125.0,85
whole,dire,46,75,1625.0,8875.0,2
whole,dire,47,40,1875.0,125.0,10
whole,dire,47,41,1875.0,375.0,2
whole,dire,47,42,1875.0,625.0,7
whole,dire,47,43,1875.0,875.0,9
whole,dire,47,44,1875.0,1125.0,18
whole,dire,47,45,1875.0,1375.0,42
whole,dire,47,46,1875.0,1625.0,12
whole,dire,47,47,1875.0,1875.0,13
whole,dire,47,48,1875.0,2125.0,27
whole,dire,47,49,1875.0,2375.0,79
whole,dire,47,50,1875.0,2625.0,35
whole,dire,47,51,1875.0,2875.0,97
whole,dire,47,52,1875.0,3125.0,24
whole,dire,47,53,1875.0,3375.0,78
whole,dire,47,54,1875.0,3625.0,81
whole,dire,47,55,1875.0,3875.0,183
whole,dire,47,56,1875.0,4125.0,115
whole,dire,47,57,1875.0,4375.0,36
whole,dire,47,58,1875.0,4625.0,22
whole,dire,47,59,1875.0,4875.0,12
whole,dire,47,60,1875.0,5125.0,4
whole,dire,47,61,1875.0,5375.0,2
whole,dire,47,62,1875.0,5625.0,3
whole,dire,47,63,1875.0,5875.0,38
whole,dire,47,64,1875.0,6125.0,5
whole,dire,47,65,1875.0,6375.0,3
whole,dire,47,66,1875.0,6625.0,3
whole,dire,47,67,1875.0,6875.0,8
whole,dire,47,68,1875.0,7125.0,62
whole,dire,47,69,1875.0,7375.0,798
whole,dire,47,70,1875.0,7625.0,1714
whole,dire,47,71,1875.0,7875.0,6737
whole,dire,47,72,1875.0,8125.0,28
whole,dire,47,73,1875.0,8375.0,1
whole,dire,47,74,1875.0,8625.0,1
whole,dire,48,40,2125.0,125.0,4
whole,dire,48,41,2125.0,375.0,1
whole,dire,48,42,2125.0,625.0,5
whole,dire,48,43,2125.0,875.0,6
whole,dire,48,44,2125.0,1125.0,14
whole,dire,48,45,2125.0,1375.0,22
whole,dire,48,46,2125.0,1625.0,17
whole,dire,48,47,2125.0,1875.0,12
whole,dire,48,48,2125.0,2125.0,18
whole,dire,48,49,2125.0,2375.0,13
whole,dire,48,50,2125.0,2625.0,4
whole,dire,48,51,2125.0,2875.0,5
whole,dire,48,52,2125.0,3125.0,10
whole,dire,48,53,2125.0,3375.0,13
whole,dire,48,54,2125.0,3625.0,1
whole,dire,48,55,2125.0,3875.0,18
whole,dire,48,56,2125.0,4125.0,30
whole,dire,48,57,2125.0,4375.0,14
whole,dire,48,58,2125.0,4625.0,10
whole,dire,48,59,2125.0,4875.0,5
whole,dire,48,60,2125.0,5125.0,11
whole,dire,48,61,2125.0,5375.0,7
whole,dire,48,62,2125.0,5625.0,13
whole,dire,48,63,2125.0,5875.0,30
whole,dire,48,64,2125.0,6125.0,6
whole,dire,48,66,2125.0,6625.0,5
whole,dire,48,67,2125.0,6875.0,11
whole,dire,48,68,2125.0,7125.0,106
whole,dire,48,69,2125.0,7375.0,1607
whole,dire,48,70,2125.0,7625.0,3609
whole,dire,48,71,2125.0,7875.0,4988
whole,dire,48,72,2125.0,8125.0,51
whole,dire,48,74,2125.0,8625.0,1
whole,dire,49,40,2375.0,125.0,11
whole,dire,49,41,2375.0,375.0,9
whole,dire,49,42,2375.0,625.0,6
whole,dire,49,43,2375.0,875.0,2
whole,dire,49,44,2375.0,1125.0,1
whole,dire,49,45,2375.0,1375.0,4
whole,dire,49,46,2375.0,1625.0,22
whole,dire,49,47,2375.0,1875.0,89
whole,dire,49,48,2375.0,2125.0,16
whole,dire,49,49,2375.0,2375.0,5
whole,dire,49,50,2375.0,2625.0,2
whole,dire,49,51,2375.0,2875.0,1
whole,dire,49,52,2375.0,3125.0,3
whole,dire,49,53,2375.0,3375.0,2
whole,dire,49,54,2375.0,3625.0,2
whole,dire,49,55,2375.0,3875.0,5
whole,dire,49,56,2375.0,4125.0,6
whole,dire,49,57,2375.0,4375.0,1
whole,dire,49,58,2375.0,4625.0,8
whole,dire,49,59,2375.0,4875.0,3
whole,dire,49,60,2375.0,5125.0,2
whole,dire,49,61,2375.0,5375.0,1
whole,dire,49,62,2375.0,5625.0,8
whole,dire,49,63,2375.0,5875.0,18
whole,dire,49,64,2375.0,6125.0,6
whole,dire,49,65,2375.0,6375.0,1
whole,dire,49,66,2375.0,6625.0,4
whole,dire,49,67,2375.0,6875.0,10
whole,dire,49,68,2375.0,7125.0,95
whole,dire,49,69,2375.0,7375.0,505
whole,dire,49,70,2375.0,7625.0,75
whole,dire,49,71,2375.0,7875.0,5
whole,dire,49,72,2375.0,8125.0,11
whole,dire,49,73,2375.0,8375.0,1
whole,dire,49,76,2375.0,9125.0,1
whole,dire,50,40,2625.0,125.0,16
whole,dire,50,41,2625.0,375.0,6
whole,dire,50,43,2625.0,875.0,2
whole,dire,50,44,2625.0,1125.0,1
whole,dire,50,45,2625.0,1375.0,3
whole,dire,50,46,2625.0,1625.0,6
whole,dire,50,47,2625.0,1875.0,37
whole,dire,50,48,2625.0,2125.0,16
whole,dire,50,49,2625.0,2375.0,15
whole,dire,50,50,2625.0,2625.0,1
whole,dire,50,51,2625.0,2875.0,3
whole,dire,50,52,2625.0,3125.0,1
whole,dire,50,53,2625.0,3375.0,3
whole,dire,50,54,2625.0,3625.0,3
whole,dire,50,55,2625.0,3875.0,4
whole,dire,50,56,2625.0,4125.0,4
whole,dire,50,57,2625.0,4375.0,2
whole,dire,50,59,2625.0,4875.0,2
whole,dire,50,60,2625.0,5125.0,1
whole,dire,50,61,2625.0,5375.0,4
whole,dire,50,62,2625.0,5625.0,3
whole,dire,50,63,2625.0,5875.0,13
whole,dire,50,64,2625.0,6125.0,11
whole,dire,50,66,2625.0,6625.0,1
whole,dire,50,67,2625.0,6875.0,4
whole,dire,50,68,2625.0,7125.0,17
whole,dire,50,69,2625.0,7375.0,134
whole,dire,50,71,2625.0,7875.0,1
whole,dire,50,73,2625.0,8375.0,1
whole,dire,50,75,2625.0,8875.0,1
whole,dire,51,40,2875.0,125.0,16
whole,dire,51,41,2875.0,375.0,1
whole,dire,51,44,2875.0,1125.0,3
whole,dire,51,46,2875.0,1625.0,1
whole,dire,51,47,2875.0,1875.0,10
whole,dire,51,48,2875.0,2125.0,28
whole,dire,51,49,2875.0,2375.0,10
whole,dire,51,50,2875.0,2625.0,2
whole,dire,51,51,2875.0,2875.0,4
whole,dire,51,52,2875.0,3125.0,2
whole,dire,51,53,2875.0,3375.0,2
whole,dire,51,54,2875.0,3625.0,5
whole,dire,51,55,2875.0,3875.0,2
whole,dire,51,56,2875.0,4125.0,1
whole,dire,51,61,2875.0,5375.0,5
whole,dire,51,62,2875.0,5625.0,6
whole,dire,51,63,2875.0,5875.0,6
whole,dire,51,64,2875.0,6125.0,7
whole,dire,51,68,2875.0,7125.0,13
whole,dire,51,69,2875.0,7375.0,17
whole,dire,51,71,2875.0,7875.0,1
whole,dire,51,74,2875.0,8625.0,1
whole,dire,52,40,3125.0,125.0,24
whole,dire,52,41,3125.0,375.0,2
whole,dire,52,42,3125.0,625.0,1
whole,dire,52,43,3125.0,875.0,1
whole,dire,52,44,3125.0,1125.0,4
whole,dire,52,45,3125.0,1375.0,4
whole,dire,52,46,3125.0,1625.0,11
whole,dire,52,47,3125.0,1875.0,2
whole,dire,52,48,3125.0,2125.0,6
whole,dire,52,49,3125.0,2375.0,11
whole,dire,52,50,3125.0,2625.0,11
whole,dire,52,51,3125.0,2875.0,6
whole,dire,52,52,3125.0,3125.0,12
whole,dire,52,53,3125.0,3375.0,4
whole,dire,52,54,3125.0,3625.0,8
whole,dire,52,55,3125.0,3875.0,2
whole,dire,52,58,3125.0,4625.0,1
whole,dire,52,60,3125.0,5125.0,1
whole,dire,52,61,3125.0,5375.0,6
whole,dire,52,62,3125.0,5625.0,13
whole,dire,52,63,3125.0,5875.0,12
whole,dire,52,64,3125.0,6125.0,1
whole,dire,52,65,3125.0,6375.0,1
whole,dire,52,68,3125.0,7125.0,1
whole,dire,52,69,3125.0,7375.0,2
whole,dire,52,73,3125.0,8375.0,1
whole,dire,53,40,3375.0,125.0,106
whole,dire,53,41,3375.0,375.0,7
whole,dire,53,42,3375.0,625.0,5
whole,dire,53,43,3375.0,875.0,5
whole,dire,53,44,3375.0,1125.0,2
whole,dire,53,45,3375.0,1375.0,11
whole,dire,53,46,3375.0,1625.0,3
whole,dire,53,47,3375.0,1875.0,5
whole,dire,53,48,3375.0,2125.0,4
whole,dire,53,49,3375.0,2375.0,11
whole,dire,53,50,3375.0,2625.0,18
whole,dire,53,51,3375.0,2875.0,17
whole,dire,53,52,3375.0,3125.0,9
whole,dire,53,53,3375.0,3375.0,2
whole,dire,53,59,3375.0,4875.0,3
whole,dire,53,60,3375.0,5125.0,2
whole,dire,53,61,3375.0,5375.0,3
whole,dire,53,62,3375.0,5625.0,32
whole,dire,53,63,3375.0,5875.0,56
whole,dire,53,64,3375.0,6125.0,6
whole,dire,54,40,3625.0,125.0,317
whole,dire,54,41,3625.0,375.0,56
whole,dire,54,42,3625.0,625.0,119
whole,dire,54,43,3625.0,875.0,94
whole,dire,54,44,3625.0,1125.0,21
whole,dire,54,45,3625.0,1375.0,5
whole,dire,54,46,3625.0,1625.0,6
whole,dire,54,47,3625.0,1875.0,1
whole,dire,54,48,3625.0,2125.0,2
whole,dire,54,49,3625.0,2375.0,7
whole,dire,54,50,3625.0,2625.0,24
whole,dire,54,51,3625.0,2875.0,12
whole,dire,54,52,3625.0,3125.0,14
whole,dire,54,53,3625.0,3375.0,5
whole,dire,54,54,3625.0,3625.0,3
whole,dire,54,56,3625.0,4125.0,5
whole,dire,54,57,3625.0,4375.0,3
whole,dire,54,58,3625.0,4625.0,3
whole,dire,54,60,3625.0,5125.0,1
whole,dire,54,61,3625.0,5375.0,9
whole,dire,54,62,3625.0,5625.0,21
whole,dire,54,63,3625.0,5875.0,17
whole,dire,54,64,3625.0,6125.0,4
whole,dire,54,68,3625.0,7125.0,1
whole,dire,55,40,3875.0,125.0,1012
whole,dire,55,41,3875.0,375.0,693
whole,dire,55,42,3875.0,625.0,449
whole,dire,55,43,3875.0,875.0,86
whole,dire,55,44,3875.0,1125.0,3
whole,dire,55,45,3875.0,1375.0,2
whole,dire,55,46,3875.0,1625.0,8
whole,dire,55,47,3875.0,1875.0,2
whole,dire,55,48,3875.0,2125.0,1
whole,dire,55,49,3875.0,2375.0,6
whole,dire,55,50,3875.0,2625.0,2
whole,dire,55,51,3875.0,2875.0,5
whole,dire,55,52,3875.0,3125.0,14
whole,dire,55,53,3875.0,3375.0,14
whole,dire,55,54,3875.0,3625.0,8
whole,dire,55,55,3875.0,3875.0,6
whole,dire,55,56,3875.0,4125.0,6
whole,dire,55,57,3875.0,4375.0,6
whole,dire,55,58,3875.0,4625.0,2
whole,dire,55,59,3875.0,4875.0,3
whole,dire,55,60,3875.0,5125.0,4
whole,dire,55,61,3875.0,5375.0,2
whole,dire,55,62,3875.0,5625.0,10
whole,dire,55,63,3875.0,5875.0,5
whole,dire,55,64,3875.0,6125.0,1
whole,dire,55,65,3875.0,6375.0,2
whole,dire,56,40,4125.0,125.0,4500
whole,dire,56,41,4125.0,375.0,1223
whole,dire,56,42,4125.0,625.0,150
whole,dire,56,43,4125.0,875.0,43
whole,dire,56,44,4125.0,1125.0,4
whole,dire,56,45,4125.0,1375.0,1
whole,dire,56,46,4125.0,1625.0,3
whole,dire,56,50,4125.0,2625.0,4
whole,dire,56,51,4125.0,2875.0,2
whole,dire,56,52,4125.0,3125.0,4
whole,dire,56,53,4125.0,3375.0,11
whole,dire,56,54,4125.0,3625.0,52
whole,dire,56,55,4125.0,3875.0,10
whole,dire,56,56,4125.0,4125.0,6
whole,dire,56,57,4125.0,4375.0,1
whole,dire,56,58,4125.0,4625.0,2
whole,dire,56,60,4125.0,5125.0,3
whole,dire,56,61,4125.0,5375.0,3
whole,dire,56,62,4125.0,5625.0,3
whole,dire,56,63,4125.0,5875.0,1
whole,dire,57,40,4375.0,125.0,10829
whole,dire,57,41,4375.0,375.0,245
whole,dire,57,42,4375.0,625.0,53
whole,dire,57,43,4375.0,875.0,16
whole,dire,57,44,4375.0,1125.0,9
whole,dire,57,46,4375.0,1625.0,3
whole,dire,57,49,4375.0,2375.0,3
whole,dire,57,50,4375.0,2625.0,1
whole,dire,57,52,4375.0,3125.0,1
whole,dire,57,53,4375.0,3375.0,7
whole,dire,57,54,4375.0,3625.0,13
whole,dire,57,55,4375.0,3875.0,13
whole,dire,57,56,4375.0,4125.0,2
whole,dire,57,57,4375.0,4375.0,3
whole,dire,57,58,4375.0,4625.0,4
whole,dire,57,59,4375.0,4875.0,2
whole,dire,57,60,4375.0,5125.0,5
whole,dire,57,62,4375.0,5625.0,1
whole,dire,58,40,4625.0,125.0,289
whole,dire,58,41,4625.0,375.0,176
whole,dire,58,42,4625.0,625.0,14
whole,dire,58,43,4625.0,875.0,10
whole,dire,58,44,4625.0,1125.0,3
whole,dire,58,46,4625.0,1625.0,1
whole,dire,58,47,4625.0,1875.0,1
whole,dire,58,52,4625.0,3125.0,1
whole,dire,58,53,4625.0,3375.0,3
whole,dire,58,54,4625.0,3625.0,6
whole,dire,58,55,4625.0,3875.0,5
whole,dire,58,56,4625.0,4125.0,8
whole,dire,58,57,4625.0,4375.0,1
whole,dire,58,58,4625.0,4625.0,7
whole,dire,58,59,4625.0,4875.0,14
whole,dire,58,60,4625.0,5125.0,6
whole,dire,58,61,4625.0,5375.0,1
whole,dire,58,62,4625.0,5625.0,1
whole,dire,58,63,4625.0,5875.0,1
whole,dire,59,40,4875.0,125.0,78
whole,dire,59,41,4875.0,375.0,83
whole,dire,59,42,4875.0,625.0,13
whole,dire,59,43,4875.0,875.0,3
whole,dire,59,44,4875.0,1125.0,6
whole,dire,59,46,4875.0,1625.0,2
whole,dire,59,47,4875.0,1875.0,1
whole,dire,59,48,4875.0,2125.0,1
whole,dire,59,51,4875.0,2875.0,1
whole,dire,59,52,4875.0,3125.0,2
whole,dire,59,53,4875.0,3375.0,3
whole,dire,59,54,4875.0,3625.0,3
whole,dire,59,55,4875.0,3875.0,2
whole,dire,59,56,4875.0,4125.0,6
whole,dire,59,57,4875.0,4375.0,5
whole,dire,59,58,4875.0,4625.0,18
whole,dire,59,59,4875.0,4875.0,2
whole,dire,59,60,4875.0,5125.0,4
whole,dire,59,61,4875.0,5375.0,2
whole,dire,59,62,4875.0,5625.0,2
whole,dire,59,63,4875.0,5875.0,1
whole,dire,59,67,4875.0,6875.0,1
whole,dire,60,40,5125.0,125.0,11
whole,dire,60,41,5125.0,375.0,16
whole,dire,60,42,5125.0,625.0,18
whole,dire,60,43,5125.0,875.0,12
whole,dire,60,44,5125.0,1125.0,2
whole,dire,60,46,5125.0,1625.0,1
whole,dire,60,47,5125.0,1875.0,7
whole,dire,60,52,5125.0,3125.0,1
whole,dire,60,53,5125.0,3375.0,1
whole,dire,60,54,5125.0,3625.0,3
whole,dire,60,55,5125.0,3875.0,2
whole,dire,60,56,5125.0,4125.0,9
whole,dire,60,57,5125.0,4375.0,9
whole,dire,60,58,5125.0,4625.0,16
whole,dire,60,59,5125.0,4875.0,2
whole,dire,60,60,5125.0,5125.0,1
whole,dire,60,61,5125.0,5375.0,7
whole,dire,60,62,5125.0,5625.0,1
whole,dire,60,63,5125.0,5875.0,1
whole,dire,60,64,5125.0,6125.0,4
whole,dire,60,65,5125.0,6375.0,1
whole,dire,61,40,5375.0,125.0,1
whole,dire,61,41,5375.0,375.0,2
whole,dire,61,42,5375.0,625.0,1
whole,dire,61,43,5375.0,875.0,3
whole,dire,61,44,5375.0,1125.0,6
whole,dire,61,45,5375.0,1375.0,6
whole,dire,61,46,5375.0,1625.0,1
whole,dire,61,47,5375.0,1875.0,2
whole,dire,61,48,5375.0,2125.0,3
whole,dire,61,50,5375.0,2625.0,2
whole,dire,61,51,5375.0,2875.0,1
whole,dire,61,52,5375.0,3125.0,2
whole,dire,61,53,5375.0,3375.0,1
whole,dire,61,55,5375.0,3875.0,6
whole,dire,61,56,5375.0,4125.0,2
whole,dire,61,57,5375.0,4375.0,5
whole,dire,61,58,5375.0,4625.0,3
whole,dire,61,61,5375.0,5375.0,5
whole,dire,61,63,5375.0,5875.0,1
whole,dire,61,64,5375.0,6125.0,5
whole,dire,61,65,5375.0,6375.0,1
whole,dire,62,40,5625.0,125.0,1
whole,dire,62,45,5625.0,1375.0,3
whole,dire,62,46,5625.0,1625.0,5
whole,dire,62,47,5625.0,1875.0,4
whole,dire,62,48,5625.0,2125.0,2
whole,dire,62,51,5625.0,2875.0,2
whole,dire,62,54,5625.0,3625.0,2
whole,dire,62,56,5625.0,4125.0,2
whole,dire,62,57,5625.0,4375.0,3
whole,dire,62,58,5625.0,4625.0,1
whole,dire,62,61,5625.0,5375.0,2
whole,dire,62,63,5625.0,5875.0,2
whole,dire,63,40,5875.0,125.0,7
whole,dire,63,44,5875.0,1125.0,1
whole,dire,63,45,5875.0,1375.0,3
whole,dire,63,46,5875.0,1625.0,4
whole,dire,63,47,5875.0,1875.0,1
whole,dire,63,48,5875.0,2125.0,8
whole,dire,63,49,5875.0,2375.0,1
whole,dire,63,50,5875.0,2625.0,5
whole,dire,63,51,5875.0,2875.0,5
whole,dire,63,53,5875.0,3375.0,6
whole,dire,63,54,5875.0,3625.0,2
whole,dire,63,55,5875.0,3875.0,1
whole,dire,63,56,5875.0,4125.0,2
whole,dire,63,58,5875.0,4625.0,2
whole,dire,63,59,5875.0,4875.0,1
whole,dire,63,61,5875.0,5375.0,2
whole,dire,63,63,5875.0,5875.0,3
whole,dire,63,64,5875.0,6125.0,4
whole,dire,64,40,6125.0,125.0,23
whole,dire,64,41,6125.0,375.0,21
whole,dire,64,42,6125.0,625.0,5
whole,dire,64,43,6125.0,875.0,4
whole,dire,64,44,6125.0,1125.0,3
whole,dire,64,45,6125.0,1375.0,6
whole,dire,64,46,6125.0,1625.0,9
whole,dire,64,47,6125.0,1875.0,11
whole,dire,64,48,6125.0,2125.0,5
whole,dire,64,49,6125.0,2375.0,8
whole,dire,64,50,6125.0,2625.0,9
whole,dire,64,51,6125.0,2875.0,21
whole,dire,64,52,6125.0,3125.0,19
whole,dire,64,53,6125.0,3375.0,7
whole,dire,64,54,6125.0,3625.0,5
whole,dire,64,55,6125.0,3875.0,1
whole,dire,64,56,6125.0,4125.0,3
whole,dire,64,57,6125.0,4375.0,4
whole,dire,64,59,6125.0,4875.0,3
whole,dire,64,61,6125.0,5375.0,2
whole,dire,65,40,6375.0,125.0,76
whole,dire,65,41,6375.0,375.0,7
whole,dire,65,42,6375.0,625.0,9
whole,dire,65,43,6375.0,875.0,8
whole,dire,65,44,6375.0,1125.0,5
whole,dire,65,45,6375.0,1375.0,4
whole,dire,65,46,6375.0,1625.0,6
whole,dire,65,47,6375.0,1875.0,5
whole,dire,65,48,6375.0,2125.0,14
whole,dire,65,49,6375.0,2375.0,12
whole,dire,65,50,6375.0,2625.0,10
whole,dire,65,51,6375.0,2875.0,36
whole,dire,65,52,6375.0,3125.0,19
whole,dire,65,53,6375.0,3375.0,5
whole,dire,65,54,6375.0,3625.0,5
whole,dire,65,55,6375.0,3875.0,2
whole,dire,65,56,6375.0,4125.0,3
whole,dire,65,58,6375.0,4625.0,1
whole,dire,65,61,6375.0,5375.0,1
whole,dire,65,62,6375.0,5625.0,1
whole,dire,65,63,6375.0,5875.0,1
whole,dire,66,40,6625.0,125.0,17
whole,dire,66,41,6625.0,375.0,17
whole,dire,66,42,6625.0,625.0,7
whole,dire,66,43,6625.0,875.0,4
whole,dire,66,44,6625.0,1125.0,6
whole,dire,66,45,6625.0,1375.0,4
whole,dire,66,46,6625.0,1625.0,6
whole,dire,66,47,6625.0,1875.0,2
whole,dire,66,48,6625.0,2125.0,2
whole,dire,66,49,6625.0,2375.0,1
whole,dire,66,50,6625.0,2625.0,1
whole,dire,66,51,6625.0,2875.0,7
whole,dire,66,52,6625.0,3125.0,11
whole,dire,66,53,6625.0,3375.0,2
whole,dire,66,54,6625.0,3625.0,3
whole,dire,66,58,6625.0,4625.0,1
whole,dire,66,62,6625.0,5625.0,1
whole,dire,66,64,6625.0,6125.0,3
whole,dire,67,40,6875.0,125.0,2
whole,dire,67,41,6875.0,375.0,10
whole,dire,67,42,6875.0,625.0,3
whole,dire,67,43,6875.0,875.0,2
whole,dire,67,44,6875.0,1125.0,1
whole,dire,67,45,6875.0,1375.0,1
whole,dire,67,48,6875.0,2125.0,2
whole,dire,67,50,6875.0,2625.0,1
whole,dire,67,54,6875.0,3625.0,1
whole,dire,67,64,6875.0,6125.0,1
whole,dire,67,65,6875.0,6375.0,1
whole,dire,68,40,7125.0,125.0,1
whole,dire,68,41,7125.0,375.0,14
whole,dire,68,42,7125.0,625.0,5
whole,dire,68,43,7125.0,875.0,1
whole,dire,68,49,7125.0,2375.0,7
whole,dire,68,58,7125.0,4625.0,1
whole,dire,68,65,7125.0,6375.0,1
whole,dire,69,40,7375.0,125.0,1
whole,dire,69,41,7375.0,375.0,20
whole,dire,69,42,7375.0,625.0,35
whole,dire,69,43,7375.0,875.0,8
whole,dire,69,47,7375.0,1875.0,2
whole,dire,69,48,7375.0,2125.0,28
whole,dire,69,49,7375.0,2375.0,4
whole,dire,69,51,7375.0,2875.0,3
whole,dire,69,55,7375.0,3875.0,1
whole,dire,69,58,7375.0,4625.0,1
whole,dire,70,40,7625.0,125.0,13
whole,dire,70,41,7625.0,375.0,78
whole,dire,70,42,7625.0,625.0,127
whole,dire,70,43,7625.0,875.0,40
whole,dire,70,47,7625.0,1875.0,69
whole,dire,70,48,7625.0,2125.0,7
whole,dire,71,40,7875.0,125.0,946
whole,dire,71,41,7875.0,375.0,885
whole,dire,71,42,7875.0,625.0,728
whole,dire,71,43,7875.0,875.0,678
whole,dire,71,44,7875.0,1125.0,86
whole,dire,71,45,7875.0,1375.0,91
whole,dire,71,46,7875.0,1625.0,256
whole,dire,71,47,7875.0,1875.0,45
whole,dire,72,40,8125.0,125.0,5591
whole,dire,72,41,8125.0,375.0,4556
whole,dire,72,42,8125.0,625.0,3174
whole,dire,72,43,8125.0,875.0,3810
whole,dire,72,44,8125.0,1125.0,2389
whole,dire,72,45,8125.0,1375.0,1187
whole,dire,72,46,8125.0,1625.0,124
whole,dire,72,47,8125.0,1875.0,1
whole,dire,73,40,8375.0,125.0,181
whole,dire,73,41,8375.0,375.0,191
whole,dire,73,42,8375.0,625.0,191
whole,dire,73,43,8375.0,875.0,649
whole,dire,73,44,8375.0,1125.0,10463
whole,dire,73,45,8375.0,1375.0,8639
whole,dire,73,46,8375.0,1625.0,18
whole,dire,73,47,8375.0,1875.0,2
whole,dire,73,49,8375.0,2375.0,1
whole,dire,74,40,8625.0,125.0,3
whole,dire,74,42,8625.0,625.0,2
whole,dire,74,43,8625.0,875.0,4
whole,dire,74,44,8625.0,1125.0,351
whole,dire,74,45,8625.0,1375.0,596
whole,dire,74,46,8625.0,1625.0,9
whole,dire,74,47,8625.0,1875.0,6
whole,dire,74,48,8625.0,2125.0,3
whole,dire,74,49,8625.0,2375.0,9
whole,dire,75,43,8875.0,875.0,1
whole,dire,75,45,8875.0,1375.0,2
whole,dire,75,46,8875.0,1625.0,2
whole,dire,75,47,8875.0,1875.0,3
whole,dire,75,48,8875.0,2125.0,1
whole,dire,75,49,8875.0,2375.0,2
whole,dire,76,45,9125.0,1375.0,2
whole,dire,76,46,9125.0,1625.0,2
whole,dire,76,47,9125.0,1875.0,2
whole,dire,77,47,9375.0,1875.0,1
whole,dire,78,44,9625.0,1125.0,1
whole,dire,78,45,9625.0,1375.0,1
